Similarity order,Discrepancy,Resolution,Position 1,Position 2,Position 3,Sequence,1--2,2--3,1--3,2--1,Cross 1--2,Cross 1--3,Cross 2--3,View,Coordinates,Sequence variability
1,0.2708,NA,1s72|1|0|G|953,1s72|1|0|U|954,1s72|1|0|A|1013,G--U->A,"cSH","tWH","4BPh","n9BR","0","0","0",,,,
2,0.1768,NA,1s72|1|0|G|464,1s72|1|0|U|465,1s72|1|0|A|476,G--U->A,"cSH","tWH","4BPh",,"0","0","0",,,,
3,0.1456,NA,1s72|1|0|G|175,1s72|1|0|U|176,1s72|1|0|A|160,G--U<-A,"cSH","tWH","4BPh","n9BR","0","0","0",,,,
4,0.1916,NA,1s72|1|0|G|358,1s72|1|0|U|359,1s72|1|0|A|293,G--U<-A,"cSH","tWH","4BPh","n9BR","0","0","0",,,,
5,0.2047,NA,1s72|1|9|G|78,1s72|1|9|U|79,1s72|1|9|A|103,G--U->A,"cSH","tWH","5BPh","n9BR","0","0","0",,,,
6,0.2331,NA,1s72|1|0|G|213,1s72|1|0|U|214,1s72|1|0|A|226,G--U->A,"cSH","tWH","4BPh","n9BR","0","0","0",,,,
7,0.2308,NA,1s72|1|0|G|1292,1s72|1|0|U|1293,1s72|1|0|A|912,G--U<-A,"cSH","tWH","4BPh","0BR","0","0","0",,,,
8,0.0839,NA,1s72|1|0|G|588,1s72|1|0|U|589,1s72|1|0|A|569,G--U<-A,"cSH","tWH","3BPh","n9BR","0","0","0",,,,
9,0.1066,NA,1s72|1|0|G|381,1s72|1|0|U|382,1s72|1|0|A|407,G--U->A,"cSH","tWH","3BPh","n9BR","0","0","0",,,,
10,0.0810,NA,1s72|1|0|G|2692,1s72|1|0|U|2693,1s72|1|0|A|2702,G--U->A,"cSH","tWH","3BPh","n9BR","0","0","0",,,,
11,0.0732,NA,1s72|1|0|G|1370,1s72|1|0|U|1371,1s72|1|0|A|2054,G--U->A,"cSH","tWH","3BPh","n9BR","0","0","0",,,,
