Similarity order,Resolution,Position 1,Position 2,Position 3,Position 4,Sequence,1--2,1--3,1--4,2--3,2--4,3--4,2--4,2--1,4--3,1--2,2--1,2--4,3--4,4--2,4--3,2--1,4--3,Cross 1--2,Cross 1--3,Cross 1--4,Cross 2--3,Cross 2--4,Cross 3--4,View,Coordinates,Sequence variability
1,NA,1s72|1|0|C|1228,1s72|1|0|A|1242,1s72|1|0|U|1122,1s72|1|0|G|1134,C->A<-U->G,,,"cWW","cWW",,,,,,,,,,,,,,"0",,"0","0",,"0",,,,
2,NA,1s72|1|0|U|1122,1s72|1|0|G|1134,1s72|1|0|C|1228,1s72|1|0|A|1242,U->G->C->A,,,"cWW","cWW",,,,,,,,,,,,,,"0",,"0","0",,"0",,,,
3,NA,1s72|1|0|G|501,1s72|1|0|C|515,1s72|1|0|G|487,1s72|1|0|C|491,G->C<-G->C,,,"cWW","cWW",,,,,,,,,,,,,,"0",,"0","0",,"0",,,,
4,NA,1s72|1|0|G|487,1s72|1|0|C|491,1s72|1|0|G|501,1s72|1|0|C|515,G->C->G->C,,,"cWW","cWW",,,,,,,,,,,,,,"0",,"0","0",,"0",,,,
5,NA,1s72|1|0|C|1662,1s72|1|0|G|1665,1s72|1|0|C|1521,1s72|1|0|G|1529,C->G<-C->G,,,"cWW","cWW",,,,,,,,,,,,,,"0",,"0","0",,"0",,,,
6,NA,1s72|1|0|G|365,1s72|1|0|G|369,1s72|1|0|C|280,1s72|1|0|C|287,G->G<-C->C,,,"cWW","cWW",,,,,,,,,,,,,,"0",,"0","0",,"0",,,,
7,NA,1s72|1|0|C|280,1s72|1|0|C|287,1s72|1|0|G|365,1s72|1|0|G|369,C->C->G->G,,,"cWW","cWW",,,,,,,,,,,,,,"0",,"0","0",,"0",,,,
8,NA,1s72|1|0|A|516,1s72|1|0|U|522,1s72|1|0|G|21,1s72|1|0|U|27,A->U<-G->U,,,"cWW","cWW",,,,,,,,,,,,,,"0",,"0","0",,"0",,,,
9,NA,1s72|1|0|G|21,1s72|1|0|U|27,1s72|1|0|A|516,1s72|1|0|U|522,G->U->A->U,,,"cWW","cWW",,,,,,,,,,,,,,"0",,"0","0",,"0",,,,
10,NA,1s72|1|0|G|1926,1s72|1|0|G|1932,1s72|1|0|U|1907,1s72|1|0|C|1913,G->G<-U->C,,,"cWW","cWW",,,,,,,,,,,,,,"0",,"0","0",,"0",,,,
11,NA,1s72|1|0|U|1907,1s72|1|0|C|1913,1s72|1|0|G|1926,1s72|1|0|G|1932,U->C->G->G,,,"cWW","cWW",,,,,,,,,,,,,,"0",,"0","0",,"0",,,,
12,NA,1s72|1|0|C|1578,1s72|1|0|U|1583,1s72|1|0|A|1612,1s72|1|0|G|1618,C->U->A->G,,,"cWW","cWW",,,,,,,,,,,,,,"0",,"0","0",,"0",,,,
13,NA,1s72|1|0|A|1612,1s72|1|0|G|1618,1s72|1|0|C|1578,1s72|1|0|U|1583,A->G<-C->U,,,"cWW","cWW",,,,,,,,,,,,,,"0",,"0","0",,"0",,,,
14,NA,1s72|1|0|A|158,1s72|1|0|G|164,1s72|1|0|C|171,1s72|1|0|U|178,A->G->C->U,,,"cWW","cWW",,,,,,,,,,,,,,"0",,"0","0",,"0",,,,
15,NA,1s72|1|0|C|290,1s72|1|0|G|296,1s72|1|0|C|355,1s72|1|0|G|362,C->G->C->G,,,"cWW","cWW",,,,,,,,,,,,,,"0",,"0","0",,"0",,,,
16,NA,1s72|1|0|C|355,1s72|1|0|G|362,1s72|1|0|C|290,1s72|1|0|G|296,C->G<-C->G,,,"cWW","cWW",,,,,,,,,,,,,,"0",,"0","0",,"0",,,,
17,NA,1s72|1|0|C|171,1s72|1|0|U|178,1s72|1|0|A|158,1s72|1|0|G|164,C->U<-A->G,,,"cWW","cWW",,,,,,,,,,,,,,"0",,"0","0",,"0",,,,
18,NA,1s72|1|0|A|1367,1s72|1|0|G|1373,1s72|1|0|U|2052,1s72|1|0|U|2057,A->G->U->U,,,"cWW","cWW",,,,,,,,,,,,,,"0",,"0","0",,"0",,,,
19,NA,1s72|1|0|U|210,1s72|1|0|A|216,1s72|1|0|U|224,1s72|1|0|G|229,U->A->U->G,,,"cWW","cWW",,,,,,,,,,,,,,"0",,"0","0",,"0",,,,
20,NA,1s72|1|0|G|765,1s72|1|0|C|769,1s72|1|0|G|892,1s72|1|0|C|899,G->C->G->C,,,"cWW","cWW",,,,,,,,,,,,,,"0",,"0","0",,"0",,,,
21,NA,1s72|1|0|C|585,1s72|1|0|A|591,1s72|1|0|U|567,1s72|1|0|G|572,C->A<-U->G,,,"cWW","cWW",,,,,,,,,,,,,,"0",,"0","0",,"0",,,,
22,NA,1s72|1|0|A|2689,1s72|1|0|C|2695,1s72|1|0|G|2700,1s72|1|0|U|2705,A->C->G->U,,,"cWW","cWW",,,,,,,,,,,,,,"0",,"0","0",,"0",,,,
23,NA,1s72|1|0|G|1774,1s72|1|0|G|1780,1s72|1|0|C|1764,1s72|1|0|C|1769,G->G<-C->C,,,"cWW","cWW",,,,,,,,,,,,,,"0",,"0","0",,"0",,,,
24,NA,1s72|1|9|G|75,1s72|1|9|C|81,1s72|1|9|G|101,1s72|1|9|C|106,G->C->G->C,,,"cWW","cWW",,,,,,,,,,,,,,"0",,"0","0",,"0",,,,
25,NA,1s72|1|0|U|2052,1s72|1|0|U|2057,1s72|1|0|A|1367,1s72|1|0|G|1373,U->U<-A->G,,,"cWW","cWW",,,,,,,,,,,,,,"0",,"0","0",,"0",,,,
26,NA,1s72|1|0|U|224,1s72|1|0|G|229,1s72|1|0|U|210,1s72|1|0|A|216,U->G<-U->A,,,"cWW","cWW",,,,,,,,,,,,,,"0",,"0","0",,"0",,,,
27,NA,1s72|1|0|U|567,1s72|1|0|G|572,1s72|1|0|C|585,1s72|1|0|A|591,U->G->C->A,,,"cWW","cWW",,,,,,,,,,,,,,"0",,"0","0",,"0",,,,
28,NA,1s72|1|9|G|101,1s72|1|9|C|106,1s72|1|9|G|75,1s72|1|9|C|81,G->C<-G->C,,,"cWW","cWW",,,,,,,,,,,,,,"0",,"0","0",,"0",,,,
29,NA,1s72|1|0|C|1764,1s72|1|0|C|1769,1s72|1|0|G|1774,1s72|1|0|G|1780,C->C->G->G,,,"cWW","cWW",,,,,,,,,,,,,,"0",,"0","0",,"0",,,,
30,NA,1s72|1|0|G|2700,1s72|1|0|U|2705,1s72|1|0|A|2689,1s72|1|0|C|2695,G->U<-A->C,,,"cWW","cWW",,,,,,,,,,,,,,"0",,"0","0",,"0",,,,
31,NA,1s72|1|0|G|892,1s72|1|0|C|899,1s72|1|0|G|765,1s72|1|0|C|769,G->C<-G->C,,,"cWW","cWW",,,,,,,,,,,,,,"0",,"0","0",,"0",,,,
32,NA,1s72|1|0|U|2864,1s72|1|0|G|2869,1s72|1|0|U|2888,1s72|1|0|G|2892,U->G->U->G,,,"cWW","cWW",,,,,,,,,,,,,,"0",,"0","0",,"0",,,,
33,NA,1s72|1|0|G|1728,1s72|1|0|C|1734,1s72|1|0|G|2045,1s72|1|0|C|2047,G->C->G->C,,,"cWW","cWW",,,,,,,,,,,,,,"0",,"0","0",,"0",,,,
34,NA,1s72|1|0|U|1587,1s72|1|0|G|1592,1s72|1|0|C|1602,1s72|1|0|G|1608,U->G->C->G,,,"cWW","cWW",,,,,,,,,,,,,,"0",,"0","0",,"0",,,,
35,NA,1s72|1|0|A|562,1s72|1|0|U|567,1s72|1|0|A|591,1s72|1|0|U|595,A->U->A->U,,,"cWW","cWW",,,,,,,,,,,,,,"0",,"0","0",,"0",,,,
36,NA,1s72|1|0|A|591,1s72|1|0|U|595,1s72|1|0|A|562,1s72|1|0|U|567,A->U<-A->U,,,"cWW","cWW",,,,,,,,,,,,,,"0",,"0","0",,"0",,,,
37,NA,1s72|1|0|C|2797,1s72|1|0|C|2802,1s72|1|0|G|2772,1s72|1|0|G|2777,C->C<-G->G,,,"cWW","cWW",,,,,,,,,,,,,,"0",,"0","0",,"0",,,,
38,NA,1s72|1|0|G|2772,1s72|1|0|G|2777,1s72|1|0|C|2797,1s72|1|0|C|2802,G->G->C->C,,,"cWW","cWW",,,,,,,,,,,,,,"0",,"0","0",,"0",,,,
39,NA,1s72|1|0|C|1975,1s72|1|0|G|1986,1s72|1|0|C|2002,1s72|1|0|G|2005,C->G->C->G,,,"cWW","cWW",,,,,,,,,,,,,,"0",,"0","0",,"0",,,,
40,NA,1s72|1|0|G|2754,1s72|1|0|G|2758,1s72|1|0|U|2724,1s72|1|0|C|2728,G->G<-U->C,,,"cWW","cWW",,,,,,,,,,,,,,"0",,"0","0",,"0",,,,
41,NA,1s72|1|0|C|1483,1s72|1|0|G|1489,1s72|1|0|C|1456,1s72|1|0|G|1460,C->G<-C->G,,,"cWW","cWW",,,,,,,,,,,,,,"0",,"0","0",,"0",,,,
42,NA,1s72|1|0|C|1456,1s72|1|0|G|1460,1s72|1|0|C|1483,1s72|1|0|G|1489,C->G->C->G,,,"cWW","cWW",,,,,,,,,,,,,,"0",,"0","0",,"0",,,,
43,NA,1s72|1|0|C|1257,1s72|1|0|A|1261,1s72|1|0|U|1095,1s72|1|0|G|1099,C->A<-U->G,,,"cWW","cWW",,,,,,,,,,,,,,"0",,"0","0",,"0",,,,
44,NA,1s72|1|0|U|1095,1s72|1|0|G|1099,1s72|1|0|C|1257,1s72|1|0|A|1261,U->G->C->A,,,"cWW","cWW",,,,,,,,,,,,,,"0",,"0","0",,"0",,,,
45,NA,1s72|1|0|U|1639,1s72|1|0|C|1643,1s72|1|0|G|1542,1s72|1|0|G|1546,U->C<-G->G,,,"cWW","cWW",,,,,,,,,,,,,,"0",,"0","0",,"0",,,,
46,NA,1s72|1|0|G|1542,1s72|1|0|G|1546,1s72|1|0|U|1639,1s72|1|0|C|1643,G->G->U->C,,,"cWW","cWW",,,,,,,,,,,,,,"0",,"0","0",,"0",,,,
47,NA,1s72|1|0|U|794,1s72|1|0|G|798,1s72|1|0|U|815,1s72|1|0|A|819,U->G->U->A,,,"cWW","cWW",,,,,,,,,,,,,,"0",,"0","0",,"0",,,,
48,NA,1s72|1|0|U|815,1s72|1|0|A|819,1s72|1|0|U|794,1s72|1|0|G|798,U->A<-U->G,,,"cWW","cWW",,,,,,,,,,,,,,"0",,"0","0",,"0",,,,
49,NA,1s72|1|0|C|1011,1s72|1|0|C|1015,1s72|1|0|G|952,1s72|1|0|G|956,C->C<-G->G,,,"cWW","cWW",,,,,,,,,,,,,,"0",,"0","0",,"0",,,,
50,NA,1s72|1|0|G|952,1s72|1|0|G|956,1s72|1|0|C|1011,1s72|1|0|C|1015,G->G->C->C,,,"cWW","cWW",,,,,,,,,,,,,,"0",,"0","0",,"0",,,,
51,NA,1s72|1|0|C|2672,1s72|1|0|C|2676,1s72|1|0|G|2809,1s72|1|0|G|2817,C->C->G->G,,,"cWW","cWW",,,,,,,,,,,,,,"0",,"0","0",,"0",,,,
52,NA,1s72|1|0|G|2809,1s72|1|0|G|2817,1s72|1|0|C|2672,1s72|1|0|C|2676,G->G<-C->C,,,"cWW","cWW",,,,,,,,,,,,,,"0",,"0","0",,"0",,,,
53,NA,1s72|1|0|G|679,1s72|1|0|G|683,1s72|1|0|C|663,1s72|1|0|C|667,G->G<-C->C,,,"cWW","cWW",,,,,,,,,,,,,,"0",,"0","0",,"0",,,,
54,NA,1s72|1|0|C|663,1s72|1|0|C|667,1s72|1|0|G|679,1s72|1|0|G|683,C->C->G->G,,,"cWW","cWW",,,,,,,,,,,,,,"0",,"0","0",,"0",,,,
55,NA,1s72|1|0|C|705,1s72|1|0|G|709,1s72|1|0|C|719,1s72|1|0|G|723,C->G->C->G,,,"cWW","cWW",,,,,,,,,,,,,,"0",,"0","0",,"0",,,,
56,NA,1s72|1|0|C|719,1s72|1|0|G|723,1s72|1|0|C|705,1s72|1|0|G|709,C->G<-C->G,,,"cWW","cWW",,,,,,,,,,,,,,"0",,"0","0",,"0",,,,
57,NA,1s72|1|0|U|2724,1s72|1|0|C|2728,1s72|1|0|G|2754,1s72|1|0|G|2758,U->C->G->G,,,"cWW","cWW",,,,,,,,,,,,,,"0",,"0","0",,"0",,,,
58,NA,1s72|1|0|C|2002,1s72|1|0|G|2005,1s72|1|0|C|1975,1s72|1|0|G|1986,C->G<-C->G,,,"cWW","cWW",,,,,,,,,,,,,,"0",,"0","0",,"0",,,,
59,NA,1s72|1|0|G|2501,1s72|1|0|G|2505,1s72|1|0|C|2515,1s72|1|0|C|2519,G->G->C->C,,,"cWW","cWW",,,,,,,,,,,,,,"0",,"0","0",,"0",,,,
60,NA,1s72|1|0|C|2515,1s72|1|0|C|2519,1s72|1|0|G|2501,1s72|1|0|G|2505,C->C<-G->G,,,"cWW","cWW",,,,,,,,,,,,,,"0",,"0","0",,"0",,,,
61,NA,1s72|1|0|C|1570,1s72|1|0|C|1574,1s72|1|0|G|1622,1s72|1|0|G|1627,C->C->G->G,,,"cWW","cWW",,,,,,,,,,,,,,"0",,"0","0",,"0",,,,
62,NA,1s72|1|0|G|1622,1s72|1|0|G|1627,1s72|1|0|C|1570,1s72|1|0|C|1574,G->G<-C->C,,,"cWW","cWW",,,,,,,,,,,,,,"0",,"0","0",,"0",,,,
63,NA,1s72|1|0|U|2888,1s72|1|0|G|2892,1s72|1|0|U|2864,1s72|1|0|G|2869,U->G<-U->G,,,"cWW","cWW",,,,,,,,,,,,,,"0",,"0","0",,"0",,,,
64,NA,1s72|1|0|G|2045,1s72|1|0|C|2047,1s72|1|0|G|1728,1s72|1|0|C|1734,G->C<-G->C,,,"cWW","cWW",,,,,,,,,,,,,,"0",,"0","0",,"0",,,,
65,NA,1s72|1|0|C|1602,1s72|1|0|G|1608,1s72|1|0|U|1587,1s72|1|0|G|1592,C->G<-U->G,,,"cWW","cWW",,,,,,,,,,,,,,"0",,"0","0",,"0",,,,
66,NA,1s72|1|0|C|1147,1s72|1|0|G|1155,1s72|1|0|C|1212,1s72|1|0|G|1216,C->G->C->G,,,"cWW","cWW",,,,,,,,,,,,,,"0",,"0","0",,"0",,,,
67,NA,1s72|1|0|G|1312,1s72|1|0|G|1319,1s72|1|0|U|1338,1s72|1|0|C|1342,G->G->U->C,,,"cWW","cWW",,,,,,,,,,,,,,"0",,"0","0",,"0",,,,
68,NA,1s72|1|0|C|93,1s72|1|0|C|100,1s72|1|0|G|77,1s72|1|0|G|81,C->C<-G->G,,,"cWW","cWW",,,,,,,,,,,,,,"0",,"0","0",,"0",,,,
69,NA,1s72|1|0|C|1000,1s72|1|0|U|1003,1s72|1|0|A|965,1s72|1|0|G|968,C->U<-A->G,,,"cWW","cWW",,,,,,,,,,,,,,"0",,"0","0",,"0",,,,
70,NA,1s72|1|0|A|965,1s72|1|0|G|968,1s72|1|0|C|1000,1s72|1|0|U|1003,A->G->C->U,,,"cWW","cWW",,,,,,,,,,,,,,"0",,"0","0",,"0",,,,
71,NA,1s72|1|0|C|1212,1s72|1|0|G|1216,1s72|1|0|C|1147,1s72|1|0|G|1155,C->G<-C->G,,,"cWW","cWW",,,,,,,,,,,,,,"0",,"0","0",,"0",,,,
72,NA,1s72|1|0|U|1338,1s72|1|0|C|1342,1s72|1|0|G|1312,1s72|1|0|G|1319,U->C<-G->G,,,"cWW","cWW",,,,,,,,,,,,,,"0",,"0","0",,"0",,,,
73,NA,1s72|1|0|G|77,1s72|1|0|G|81,1s72|1|0|C|93,1s72|1|0|C|100,G->G->C->C,,,"cWW","cWW",,,,,,,,,,,,,,"0",,"0","0",,"0",,,,
74,NA,1s72|1|0|C|1521,1s72|1|0|G|1529,1s72|1|0|C|1662,1s72|1|0|G|1665,C->G->C->G,,,"cWW","cWW",,,,,,,,,,,,,,"0",,"0","0",,"0",,,,
75,NA,1s72|1|0|A|1869,1s72|1|0|G|1877,1s72|1|0|C|1854,1s72|1|0|U|1860,A->G<-C->U,,,"cWW","cWW",,,,,,,,,,,,,,"0",,"0","0",,"0",,,,
76,NA,1s72|1|0|C|1854,1s72|1|0|U|1860,1s72|1|0|A|1869,1s72|1|0|G|1877,C->U->A->G,,,"cWW","cWW",,,,,,,,,,,,,,"0",,"0","0",,"0",,,,
77,NA,1s72|1|0|U|1115,1s72|1|0|G|1121,1s72|1|0|C|1243,1s72|1|0|A|1248,U->G->C->A,,,"cWW","cWW",,,,,,,,"1BR",,,,,,"0",,"0","0","0","0",,,,
78,NA,1s72|1|0|C|260,1s72|1|0|U|265,1s72|1|0|A|248,1s72|1|0|G|249,C->U<-A--G,,,"cWW","cWW",,,"tRS",,,,,,"n2BR","n1BR",,,,"0",,"0","0","0","0",,,,
79,NA,1s72|1|0|A|248,1s72|1|0|G|249,1s72|1|0|C|260,1s72|1|0|U|265,A--G->C->U,,,"cWW","cWW",,,"tSR",,,"n2BR",,"n1BR",,,,,,"0",,"0","0","0","0",,,,
80,NA,1s72|1|0|C|1243,1s72|1|0|A|1248,1s72|1|0|U|1115,1s72|1|0|G|1121,C->A<-U->G,,,"cWW","cWW",,,,,,,,,,"1BR",,,,"0",,"0","0",,"0",,,,
81,NA,1s72|1|9|A|54,1s72|1|9|C|59,1s72|1|9|G|21,1s72|1|9|U|28,A->C<-G->U,,,"cWW","cWW",,,,,,,,,,,,,,"0",,"0","0",,"0",,,,
82,NA,1s72|1|9|G|21,1s72|1|9|U|28,1s72|1|9|A|54,1s72|1|9|C|59,G->U->A->C,,,"cWW","cWW",,,,,,,,,,,,,,"0",,"0","0",,"0",,,,
83,NA,1s72|1|0|C|1004,1s72|1|0|C|1008,1s72|1|0|G|958,1s72|1|0|G|964,C->C<-G->G,,,"cWW","cWW",,,,,,,,,,,,,,"0",,"0","0",,"0",,,,
84,NA,1s72|1|0|G|958,1s72|1|0|G|964,1s72|1|0|C|1004,1s72|1|0|C|1008,G->G->C->C,,,"cWW","cWW",,,,,,,,,,,,,,"0",,"0","0",,"0",,,,
85,NA,1s72|1|0|C|596,1s72|1|0|G|599,1s72|1|0|C|558,1s72|1|0|G|561,C->G<-C->G,,,"cWW","cWW",,,,,,,,,,,,,,"0",,"0","0",,"0",,,,
86,NA,1s72|1|0|C|558,1s72|1|0|G|561,1s72|1|0|C|596,1s72|1|0|G|599,C->G->C->G,,,"cWW","cWW",,,,,,,,,,,,,,"0",,"0","0",,"0",,,,
87,NA,1s72|1|0|C|287,1s72|1|0|C|290,1s72|1|0|G|362,1s72|1|0|G|365,C->C->G->G,,,"cWW","cWW",,,,,,,,,,,,,,"0",,"0","0",,"0",,,,
88,NA,1s72|1|0|G|362,1s72|1|0|G|365,1s72|1|0|C|287,1s72|1|0|C|290,G->G<-C->C,,,"cWW","cWW",,,,,,,,,,,,,,"0",,"0","0",,"0",,,,
89,NA,1s72|1|0|C|2873,1s72|1|0|G|2876,1s72|1|0|C|2881,1s72|1|0|G|2884,C->G->C->G,,,"cWW","cWW",,,,,,,,,,,,,,"0",,"0","0",,"0",,,,
90,NA,1s72|1|0|C|2881,1s72|1|0|G|2884,1s72|1|0|C|2873,1s72|1|0|G|2876,C->G<-C->G,,,"cWW","cWW",,,,,,,,,,,,,,"0",,"0","0",,"0",,,,
91,NA,1s72|1|0|G|830,1s72|1|0|G|833,1s72|1|0|C|849,1s72|1|0|C|851,G->G->C->C,,,"cWW","cWW",,,,,,,,,,,,,,"0",,"0","0",,"0",,,,
92,NA,1s72|1|0|G|2524,1s72|1|0|U|2528,1s72|1|0|G|2494,1s72|1|0|C|2496,G->U<-G->C,,,"cWW","cWW",,,,,,,,,,,,,,"0",,"0","0",,"0",,,,
93,NA,1s72|1|0|C|2351,1s72|1|0|G|2355,1s72|1|0|C|2331,1s72|1|0|G|2333,C->G<-C->G,,,"cWW","cWW",,,,,,,,,,,,,,"0",,"0","0",,"0",,,,
94,NA,1s72|1|0|U|548,1s72|1|0|G|553,1s72|1|0|C|606,1s72|1|0|A|608,U->G->C->A,,,"cWW","cWW",,,,,,,,,,,,,,"0",,"0","0",,"0",,,,
95,NA,1s72|1|0|G|1475,1s72|1|0|U|1478,1s72|1|0|A|1465,1s72|1|0|C|1467,G->U<-A->C,,,"cWW","cWW",,,,,,,,,,,,,,"0",,"0","0",,"0",,,,
96,NA,1s72|1|0|G|2090,1s72|1|0|G|2093,1s72|1|0|U|2652,1s72|1|0|C|2654,G->G->U->C,,,"cWW","cWW",,,,,,,,,,,,,,"0",,"0","0",,"0",,,,
97,NA,1s72|1|0|G|2900,1s72|1|0|C|2903,1s72|1|0|G|2855,1s72|1|0|C|2857,G->C<-G->C,,,"cWW","cWW",,,,,,,,,,,,,,"0",,"0","0",,"0",,,,
98,NA,1s72|1|0|C|2269,1s72|1|0|G|2272,1s72|1|0|C|2122,1s72|1|0|G|2124,C->G<-C->G,,,"cWW","cWW",,,,,,,,,,,,,,"0",,"0","0",,"0",,,,
99,NA,1s72|1|0|C|440,1s72|1|0|C|443,1s72|1|0|G|39,1s72|1|0|G|41,C->C<-G->G,,,"cWW","cWW",,,,,,,,,,,,,,"0",,"0","0",,"0",,,,
100,NA,1s72|1|0|G|2609,1s72|1|0|G|2613,1s72|1|0|U|2545,1s72|1|0|C|2547,G->G<-U->C,,,"cWW","cWW",,,,,,,,,,,,,,"0",,"0","0",,"0",,,,
101,NA,1s72|1|0|C|1303,1s72|1|0|C|1305,1s72|1|0|G|1349,1s72|1|0|G|1351,C->C->G->G,,,"cWW","cWW",,,,,,,,,,,,,,"0",,"0","0",,"0",,,,
102,NA,1s72|1|0|G|1349,1s72|1|0|G|1351,1s72|1|0|C|1303,1s72|1|0|C|1305,G->G<-C->C,,,"cWW","cWW",,,,,,,,,,,,,,"0",,"0","0",,"0",,,,
103,NA,1s72|1|0|C|763,1s72|1|0|G|765,1s72|1|0|C|899,1s72|1|0|G|901,C->G->C->G,,,"cWW","cWW",,,,,,,,,,,,,,"0",,"0","0",,"0",,,,
104,NA,1s72|1|0|C|899,1s72|1|0|G|901,1s72|1|0|C|763,1s72|1|0|G|765,C->G<-C->G,,,"cWW","cWW",,,,,,,,,,,,,,"0",,"0","0",,"0",,,,
105,NA,1s72|1|0|G|1351,1s72|1|0|G|1354,1s72|1|0|C|1301,1s72|1|0|C|1303,G->G<-C->C,,,"cWW","cWW",,,,,,,,,,,,,,"0",,"0","0",,"0",,,,
106,NA,1s72|1|0|C|1301,1s72|1|0|C|1303,1s72|1|0|G|1351,1s72|1|0|G|1354,C->C->G->G,,,"cWW","cWW",,,,,,,,,,,,,,"0",,"0","0",,"0",,,,
107,NA,1s72|1|0|A|1747,1s72|1|0|G|1752,1s72|1|0|C|2031,1s72|1|0|U|2034,A->G->C->U,,,"cWW","cWW",,,,,,,,,,,,,,"0",,"0","0",,"0",,,,
108,NA,1s72|1|0|C|2031,1s72|1|0|U|2034,1s72|1|0|A|1747,1s72|1|0|G|1752,C->U<-A->G,,,"cWW","cWW",,,,,,,,,,,,,,"0",,"0","0",,"0",,,,
109,NA,1s72|1|0|G|2494,1s72|1|0|C|2496,1s72|1|0|G|2524,1s72|1|0|U|2528,G->C->G->U,,,"cWW","cWW",,,,,,,,,,,,,,"0",,"0","0",,"0",,,,
110,NA,1s72|1|0|C|849,1s72|1|0|C|851,1s72|1|0|G|830,1s72|1|0|G|833,C->C<-G->G,,,"cWW","cWW",,,,,,,,,,,,,,"0",,"0","0",,"0",,,,
111,NA,1s72|1|0|A|1465,1s72|1|0|C|1467,1s72|1|0|G|1475,1s72|1|0|U|1478,A->C->G->U,,,"cWW","cWW",,,,,,,,,,,,,,"0",,"0","0",,"0",,,,
112,NA,1s72|1|0|U|2652,1s72|1|0|C|2654,1s72|1|0|G|2090,1s72|1|0|G|2093,U->C<-G->G,,,"cWW","cWW",,,,,,,,,,,,,,"0",,"0","0",,"0",,,,
113,NA,1s72|1|0|G|2855,1s72|1|0|C|2857,1s72|1|0|G|2900,1s72|1|0|C|2903,G->C->G->C,,,"cWW","cWW",,,,,,,,,,,,,,"0",,"0","0",,"0",,,,
114,NA,1s72|1|0|C|2122,1s72|1|0|G|2124,1s72|1|0|C|2269,1s72|1|0|G|2272,C->G->C->G,,,"cWW","cWW",,,,,,,,,,,,,,"0",,"0","0",,"0",,,,
115,NA,1s72|1|0|G|39,1s72|1|0|G|41,1s72|1|0|C|440,1s72|1|0|C|443,G->G->C->C,,,"cWW","cWW",,,,,,,,,,,,,,"0",,"0","0",,"0",,,,
116,NA,1s72|1|0|U|2545,1s72|1|0|C|2547,1s72|1|0|G|2609,1s72|1|0|G|2613,U->C->G->G,,,"cWW","cWW",,,,,,,,,,,,,,"0",,"0","0",,"0",,,,
117,NA,1s72|1|0|C|2331,1s72|1|0|G|2333,1s72|1|0|C|2351,1s72|1|0|G|2355,C->G->C->G,,,"cWW","cWW",,,,,,,,,,,,,,"0",,"0","0",,"0",,,,
118,NA,1s72|1|0|C|606,1s72|1|0|A|608,1s72|1|0|U|548,1s72|1|0|G|553,C->A<-U->G,,,"cWW","cWW",,,,,,,,,,,,,,"0",,"0","0",,"0",,,,
119,NA,1s72|1|0|A|1437,1s72|1|0|C|1439,1s72|1|0|G|1425,1s72|1|0|U|1429,A->C<-G->U,"s35",,"cWW","cWW",,,,,,,,,,,,,,"0",,"0","0",,"0",,,,
120,NA,1s72|1|0|A|2761,1s72|1|0|G|2763,1s72|1|0|C|2717,1s72|1|0|U|2721,A->G<-C->U,"s35",,"cWW","cWW",,,,,,,,,,"n5BR",,,,"0",,"0","0",,"0",,,,
121,NA,1s72|1|9|C|29,1s72|1|9|C|30,1s72|1|9|G|50,1s72|1|9|G|53,C--C->G->G,"s35",,"cWW","cWW",,,,"n9BPh",,,,,,,,"nsO4'3",,"0",,"0","0",,"0",,,,
122,NA,1s72|1|0|A|1934,1s72|1|0|C|1935,1s72|1|0|G|1902,1s72|1|0|U|1905,A--C<-G->U,"s35",,"cWW","cWW",,,,"8BPh",,,,,,,,,,"0",,"0","0",,"0",,,,
123,NA,1s72|1|0|U|2557,1s72|1|0|G|2558,1s72|1|0|C|2575,1s72|1|0|G|2578,U--G->C->G,"ns35",,"cWW","cWW",,,,,,,,,,,,,,"0",,"0","0",,"0",,,,
124,NA,1s72|1|0|C|1943,1s72|1|0|G|1944,1s72|1|0|C|1893,1s72|1|0|G|1896,C--G<-C->G,"s35",,"cWW","cWW",,,,,,,,,,,,,,"0",,"0","0",,"0",,,,
125,NA,1s72|1|0|A|2095,1s72|1|0|G|2097,1s72|1|0|C|2647,1s72|1|0|U|2650,A->G->C->U,,,"cWW","cWW",,,,,,,,,,,,,,"0",,"0","0",,"0",,,,
126,NA,1s72|1|0|C|153,1s72|1|0|C|154,1s72|1|0|G|182,1s72|1|0|G|184,C--C->G->G,"s35",,"cWW","cWW",,,,,,,,,,,,,,"0",,"0","0",,"0",,,,
127,NA,1s72|1|0|C|2454,1s72|1|0|A|2455,1s72|1|0|U|2436,1s72|1|0|G|2438,C--A<-U->G,"ns35",,"cWW","cWW",,,,,,,,,,,,,,"0",,"0","0",,"0",,,,
128,NA,1s72|1|9|C|15,1s72|1|9|G|16,1s72|1|9|C|64,1s72|1|9|G|66,C--G->C->G,"s35",,"cWW","cWW","s55",,,,,,,,,,,,,"0",,"0","0","0","0",,,,
129,NA,1s72|1|0|U|2034,1s72|1|0|C|2035,1s72|1|0|G|1744,1s72|1|0|A|1747,U--C<-G->A,"s35",,"cWW","cWW","ns55","s35",,,,,,,,,,,,"0",,"0","0","0","0",,,,
130,NA,1s72|1|0|G|2489,1s72|1|0|A|2490,1s72|1|0|U|2531,1s72|1|0|C|2533,G--A->U->C,"s35",,"cWW","cWW","s55",,,,,,,,,,,,,"0",,"0","0","0","0",,,,
131,NA,1s72|1|0|C|726,1s72|1|0|G|727,1s72|1|0|C|699,1s72|1|0|G|702,C--G<-C->G,"s35",,"cWW","cWW","s55",,,,,,,,,,,,,"0",,"0","0","0","0",,,,
132,NA,1s72|1|0|U|265,1s72|1|0|G|266,1s72|1|0|C|245,1s72|1|0|A|248,U--G<-C->A,"s35",,"cWW","cWW","s55",,,,,,,,,,,,,"0",,"0","0","0","0",,,,
133,NA,1s72|1|0|U|2528,1s72|1|0|G|2529,1s72|1|0|U|2492,1s72|1|0|G|2494,U--G<-U->G,"s35",,"cWW","cWW","s55",,,,,,,,,,,,,"0",,"0","0","0","0",,,,
134,NA,1s72|1|0|C|2542,1s72|1|0|G|2543,1s72|1|0|U|2615,1s72|1|0|G|2617,C--G->U->G,"s35",,"cWW","cWW","s55",,,,,,,,,,,,,"0",,"0","0","0","0",,,,
135,NA,1s72|1|0|C|1023,1s72|1|0|G|1024,1s72|1|0|U|942,1s72|1|0|G|944,C--G<-U->G,"s35",,"cWW","cWW","s55",,,,,,,,,,,,,"0",,"0","0","0","0",,,,
136,NA,1s72|1|0|A|1678,1s72|1|0|C|1679,1s72|1|0|G|1416,1s72|1|0|U|1419,A--C<-G->U,"s35",,"cWW","cWW",,"s35",,"9BPh",,,,,,,,,,"0",,"0","0",,"0",,,,
137,NA,1s72|1|0|G|2860,1s72|1|0|G|2861,1s72|1|0|C|2895,1s72|1|0|C|2897,G--G->C->C,"s35",,"cWW","cWW","s55",,,,,,,,,,,,,"0",,"0","0","0","0",,,,
138,NA,1s72|1|0|G|956,1s72|1|0|A|957,1s72|1|0|U|1009,1s72|1|0|C|1011,G--A->U->C,"s35",,"cWW","cWW","ns55","s35",,,,,,,,,"9BR",,,"0",,"0","0","0","0",,,,
139,NA,1s72|1|0|G|274,1s72|1|0|G|275,1s72|1|0|U|374,1s72|1|0|C|376,G--G->U->C,"s35",,"cWW","cWW","s55","s35",,,,,,,,,,,,"0",,"0","0","0","0",,,,
140,NA,1s72|1|0|U|1897,1s72|1|0|G|1898,1s72|1|0|U|1939,1s72|1|0|A|1942,U--G->U->A,"s35",,"cWW","cWW","s55",,,,,,,,,,,,,"0",,"0","0","0","0",,,,
141,NA,1s72|1|0|C|1225,1s72|1|0|G|1226,1s72|1|0|U|1136,1s72|1|0|G|1138,C--G<-U->G,"s35",,"cWW","cWW","s55",,,,,,,,,,,,,"0",,"0","0","0","0",,,,
142,NA,1s72|1|0|A|2746,1s72|1|0|G|2750,1s72|1|0|U|2732,1s72|1|0|U|2733,A->G<-U--U,"s35",,"cWW","cWW","s55","ns35",,,,,,,,,"0BR","sO4'3",,"0",,"0","0","0","0",,,,
143,NA,1s72|1|0|G|2606,1s72|1|0|G|2609,1s72|1|0|C|2547,1s72|1|0|C|2548,G->G<-C--C,"s35",,"cWW","cWW","s55","s35",,,,,,,,,"n0BR","nsO4'3",,"0",,"0","0","0","0",,,,
144,NA,1s72|1|0|C|2547,1s72|1|0|C|2548,1s72|1|0|G|2606,1s72|1|0|G|2609,C--C->G->G,"s35",,"cWW","cWW","s55","s35",,,,,"n0BR",,,,,,"nsO4'3","0",,"0","0","0","0",,,,
145,NA,1s72|1|0|U|2732,1s72|1|0|U|2733,1s72|1|0|A|2746,1s72|1|0|G|2750,U--U->A->G,"ns35",,"cWW","cWW","s55","s35",,,,,"0BR",,,,,,"sO4'3","0",,"0","0","0","0",,,,
146,NA,1s72|1|0|A|788,1s72|1|0|C|789,1s72|1|0|G|856,1s72|1|0|U|858,A--C->G->U,"s35",,"cWW","cWW",,"s35",,,,,,,,,,,,"0",,"0","0",,"0",,,,
147,NA,1s72|1|0|G|856,1s72|1|0|U|858,1s72|1|0|A|788,1s72|1|0|C|789,G->U<-A--C,"s35",,"cWW","cWW",,"s35",,,,,,,,,,,,"0",,"0","0",,"0",,,,
148,NA,1s72|1|0|G|322,1s72|1|0|C|323,1s72|1|0|G|307,1s72|1|0|C|309,G--C<-G->C,"s35",,"cWW","cWW",,"s35",,,,,,,,,,,,"0",,"0","0",,"0",,,,
149,NA,1s72|1|0|G|2111,1s72|1|0|A|2112,1s72|1|0|U|2473,1s72|1|0|C|2476,G--A->U->C,"s35",,"cWW","cWW",,"s35",,,,,,,,,,,,"0",,"0","0",,"0",,,,
150,NA,1s72|1|0|C|1826,1s72|1|0|G|1827,1s72|1|0|C|2021,1s72|1|0|G|2023,C--G->C->G,"s35",,"cWW","cWW","s55",,,,,,,,,,"n0BR",,,"0",,"0","0","0","0",,,,
151,NA,1s72|1|0|C|2626,1s72|1|0|G|2627,1s72|1|0|C|2636,1s72|1|0|G|2638,C--G->C->G,"s35",,"cWW","cWW","s55","ns35",,,,,"n0BR",,,,"0BR",,,"0",,"0","0","0","0",,,,
152,NA,1s72|1|0|G|1269,1s72|1|0|U|1270,1s72|1|0|A|1286,1s72|1|0|C|1289,G--U->A->C,"s35",,"cWW","cWW",,"s35",,,,,"n0BR",,,,"n0BR",,,"0",,"0","0",,"0",,,,
153,NA,1s72|1|0|G|33,1s72|1|0|C|34,1s72|1|0|G|448,1s72|1|0|C|450,G--C->G->C,"s35",,"cWW","cWW",,"s35",,,,,,,,,"9BR",,,"0",,"0","0",,"0",,,,
154,NA,1s72|1|9|C|95,1s72|1|9|C|96,1s72|1|9|G|86,1s72|1|9|G|88,C--C<-G->G,"s35",,"cWW","cWW","s55","s35",,,,,,,,,,,,"0",,"0","0","0","0",,,,
155,NA,1s72|1|0|G|2279,1s72|1|0|A|2280,1s72|1|0|U|2290,1s72|1|0|C|2292,G--A->U->C,"s35",,"cWW","cWW","s55","s35",,,,,,,,,"n9BR",,,"0",,"0","0","0","0",,,,
156,NA,1s72|1|0|G|1974,1s72|1|0|C|1975,1s72|1|0|G|2005,1s72|1|0|U|2008,G--C->G->U,"s35",,"cWW","cWW",,"s35",,,,,,,,,,,,"0",,"0","0",,"0",,,,
157,NA,1s72|1|0|G|1108,1s72|1|0|G|1110,1s72|1|0|C|1253,1s72|1|0|C|1254,G->G->C--C,"s35",,"cWW","cWW","s55","s35",,,,,,,,,,,,"0",,"0","0","0","0",,,,
158,NA,1s72|1|0|A|2108,1s72|1|0|G|2110,1s72|1|0|C|2477,1s72|1|0|U|2478,A->G->C--U,"s35",,"cWW","cWW","s55","s35",,,,,,,,,,,,"0",,"0","0","0","0",,,,
159,NA,1s72|1|0|C|2477,1s72|1|0|U|2478,1s72|1|0|A|2108,1s72|1|0|G|2110,C--U<-A->G,"s35",,"cWW","cWW","s55","s35",,,,,,,,,,,,"0",,"0","0","0","0",,,,
160,NA,1s72|1|0|C|1253,1s72|1|0|C|1254,1s72|1|0|G|1108,1s72|1|0|G|1110,C--C<-G->G,"s35",,"cWW","cWW","s55","s35",,,,,,,,,,,,"0",,"0","0","0","0",,,,
161,NA,1s72|1|0|A|819,1s72|1|0|U|821,1s72|1|0|A|793,1s72|1|0|U|794,A->U<-A--U,"s35",,"cWW","cWW",,"s35",,,,,"0BR",,,,,,,"0",,"0","0",,"0",,,,
162,NA,1s72|1|0|U|1101,1s72|1|0|G|1108,1s72|1|0|C|1254,1s72|1|0|A|1255,U->G->C--A,"s35",,"cWW","cWW","s55","s35",,,,,,,,,,,,"0",,"0","0","0","0",,,,
163,NA,1s72|1|0|C|1254,1s72|1|0|A|1255,1s72|1|0|U|1101,1s72|1|0|G|1108,C--A<-U->G,"s35",,"cWW","cWW","s55","s35",,,,,,,,,,,,"0",,"0","0","0","0",,,,
164,NA,1s72|1|0|C|847,1s72|1|0|C|848,1s72|1|0|G|834,1s72|1|0|G|836,C--C<-G->G,"s35",,"cWW","cWW","s55","s35",,,,,"n0BR",,,,,,,"0",,"0","0","0","0",,,,
165,NA,1s72|1|0|G|834,1s72|1|0|G|836,1s72|1|0|C|847,1s72|1|0|C|848,G->G->C--C,"s35",,"cWW","cWW","s55","s35",,,,,,,,,"n0BR",,,"0",,"0","0","0","0",,,,
166,NA,1s72|1|0|A|793,1s72|1|0|U|794,1s72|1|0|A|819,1s72|1|0|U|821,A--U->A->U,"s35",,"cWW","cWW",,"s35",,,,,,,,,"0BR",,,"0",,"0","0",,"0",,,,
167,NA,1s72|1|0|G|2005,1s72|1|0|U|2008,1s72|1|0|G|1974,1s72|1|0|C|1975,G->U<-G--C,"s35",,"cWW","cWW",,"s35",,,,,,,,,,,,"0",,"0","0",,"0",,,,
168,NA,1s72|1|0|A|1286,1s72|1|0|C|1289,1s72|1|0|G|1269,1s72|1|0|U|1270,A->C<-G--U,"s35",,"cWW","cWW",,"s35",,,,,"n0BR",,,,"n0BR",,,"0",,"0","0",,"0",,,,
169,NA,1s72|1|0|C|2636,1s72|1|0|G|2638,1s72|1|0|C|2626,1s72|1|0|G|2627,C->G<-C--G,"ns35",,"cWW","cWW","s55","s35",,,,,"0BR",,,,"n0BR",,,"0",,"0","0","0","0",,,,
170,NA,1s72|1|0|G|307,1s72|1|0|C|309,1s72|1|0|G|322,1s72|1|0|C|323,G->C->G--C,"s35",,"cWW","cWW",,"s35",,,,,,,,,,,,"0",,"0","0",,"0",,,,
171,NA,1s72|1|0|U|2473,1s72|1|0|C|2476,1s72|1|0|G|2111,1s72|1|0|A|2112,U->C<-G--A,"s35",,"cWW","cWW",,"s35",,,,,,,,,,,,"0",,"0","0",,"0",,,,
172,NA,1s72|1|0|C|2021,1s72|1|0|G|2023,1s72|1|0|C|1826,1s72|1|0|G|1827,C->G<-C--G,,,"cWW","cWW","s55","s35",,,,,"n0BR",,,,,,,"0",,"0","0","0","0",,,,
173,NA,1s72|1|0|U|2290,1s72|1|0|C|2292,1s72|1|0|G|2279,1s72|1|0|A|2280,U->C<-G--A,"s35",,"cWW","cWW","s55","s35",,,,,"n9BR",,,,,,,"0",,"0","0","0","0",,,,
174,NA,1s72|1|9|G|86,1s72|1|9|G|88,1s72|1|9|C|95,1s72|1|9|C|96,G->G->C--C,"s35",,"cWW","cWW","s55","s35",,,,,,,,,,,,"0",,"0","0","0","0",,,,
175,NA,1s72|1|0|G|448,1s72|1|0|C|450,1s72|1|0|G|33,1s72|1|0|C|34,G->C<-G--C,"s35",,"cWW","cWW",,"s35",,,,,"9BR",,,,,,,"0",,"0","0",,"0",,,,
176,NA,1s72|1|0|U|1009,1s72|1|0|C|1011,1s72|1|0|G|956,1s72|1|0|A|957,U->C<-G--A,"s35",,"cWW","cWW","ns55","s35",,,,,"9BR",,,,,,,"0",,"0","0","0","0",,,,
177,NA,1s72|1|0|C|2895,1s72|1|0|C|2897,1s72|1|0|G|2860,1s72|1|0|G|2861,C->C<-G--G,,,"cWW","cWW","s55","s35",,,,,,,,,,,,"0",,"0","0","0","0",,,,
178,NA,1s72|1|0|G|1416,1s72|1|0|U|1419,1s72|1|0|A|1678,1s72|1|0|C|1679,G->U->A--C,"s35",,"cWW","cWW",,"s35",,,"9BPh",,,,,,,,,"0",,"0","0",,"0",,,,
179,NA,1s72|1|0|U|1136,1s72|1|0|G|1138,1s72|1|0|C|1225,1s72|1|0|G|1226,U->G->C--G,,,"cWW","cWW","s55","s35",,,,,,,,,,,,"0",,"0","0","0","0",,,,
180,NA,1s72|1|0|U|1939,1s72|1|0|A|1942,1s72|1|0|U|1897,1s72|1|0|G|1898,U->A<-U--G,,,"cWW","cWW","s55","s35",,,,,,,,,,,,"0",,"0","0","0","0",,,,
181,NA,1s72|1|0|U|374,1s72|1|0|C|376,1s72|1|0|G|274,1s72|1|0|G|275,U->C<-G--G,"s35",,"cWW","cWW","s55","s35",,,,,,,,,,,,"0",,"0","0","0","0",,,,
182,NA,1s72|1|0|U|942,1s72|1|0|G|944,1s72|1|0|C|1023,1s72|1|0|G|1024,U->G->C--G,,,"cWW","cWW","s55","s35",,,,,,,,,,,,"0",,"0","0","0","0",,,,
183,NA,1s72|1|0|U|2615,1s72|1|0|G|2617,1s72|1|0|C|2542,1s72|1|0|G|2543,U->G<-C--G,,,"cWW","cWW","s55","s35",,,,,,,,,,,,"0",,"0","0","0","0",,,,
184,NA,1s72|1|0|U|2492,1s72|1|0|G|2494,1s72|1|0|U|2528,1s72|1|0|G|2529,U->G->U--G,,,"cWW","cWW","s55","s35",,,,,,,,,,,,"0",,"0","0","0","0",,,,
185,NA,1s72|1|0|G|1744,1s72|1|0|A|1747,1s72|1|0|U|2034,1s72|1|0|C|2035,G->A->U--C,"s35",,"cWW","cWW","ns55","s35",,,,,,,,,,,,"0",,"0","0","0","0",,,,
186,NA,1s72|1|0|U|2531,1s72|1|0|C|2533,1s72|1|0|G|2489,1s72|1|0|A|2490,U->C<-G--A,,,"cWW","cWW","s55","s35",,,,,,,,,,,,"0",,"0","0","0","0",,,,
187,NA,1s72|1|0|C|699,1s72|1|0|G|702,1s72|1|0|C|726,1s72|1|0|G|727,C->G->C--G,,,"cWW","cWW","s55","s35",,,,,,,,,,,,"0",,"0","0","0","0",,,,
188,NA,1s72|1|0|C|245,1s72|1|0|A|248,1s72|1|0|U|265,1s72|1|0|G|266,C->A->U--G,,,"cWW","cWW","s55","s35",,,,,,,,,,,,"0",,"0","0","0","0",,,,
189,NA,1s72|1|9|C|64,1s72|1|9|G|66,1s72|1|9|C|15,1s72|1|9|G|16,C->G<-C--G,,,"cWW","cWW","s55","s35",,,,,,,,,,,,"0",,"0","0","0","0",,,,
190,NA,1s72|1|0|G|182,1s72|1|0|G|184,1s72|1|0|C|153,1s72|1|0|C|154,G->G<-C--C,,,"cWW","cWW",,"s35",,,,,,,,,,,,"0",,"0","0",,"0",,,,
191,NA,1s72|1|0|U|2436,1s72|1|0|G|2438,1s72|1|0|C|2454,1s72|1|0|A|2455,U->G->C--A,,,"cWW","cWW",,"ns35",,,,,,,,,,,,"0",,"0","0",,"0",,,,
192,NA,1s72|1|0|A|602,1s72|1|0|C|605,1s72|1|0|G|554,1s72|1|0|U|555,A->C<-G--U,,,"cWW","cWW",,,,,,,,,,,,,,"0",,"0","0",,"0",,,,
193,NA,1s72|1|0|G|554,1s72|1|0|U|555,1s72|1|0|A|602,1s72|1|0|C|605,G--U->A->C,,,"cWW","cWW",,,,,,,,,,,,,,"0",,"0","0",,"0",,,,
194,NA,1s72|1|0|C|2036,1s72|1|0|A|2038,1s72|1|0|U|1741,1s72|1|0|G|1743,C->A<-U->G,,,"cWW","cWW",,,,,,,,,,,,,,"0",,"0","0",,"0",,,,
195,NA,1s72|1|0|U|1741,1s72|1|0|G|1743,1s72|1|0|C|2036,1s72|1|0|A|2038,U->G->C->A,,,"cWW","cWW",,,,,,,,,,,,,,"0",,"0","0",,"0",,,,
196,NA,1s72|1|0|C|2647,1s72|1|0|U|2650,1s72|1|0|A|2095,1s72|1|0|G|2097,C->U<-A->G,,,"cWW","cWW",,,,,,,,,,,,,,"0",,"0","0",,"0",,,,
197,NA,1s72|1|9|G|50,1s72|1|9|G|53,1s72|1|9|C|29,1s72|1|9|C|30,G->G<-C--C,,,"cWW","cWW",,"s35",,,"n9BPh",,,,,,,,"nsO4'3","0",,"0","0",,"0",,,,
198,NA,1s72|1|0|C|1893,1s72|1|0|G|1896,1s72|1|0|C|1943,1s72|1|0|G|1944,C->G->C--G,,,"cWW","cWW",,"s35",,,,,,,,,,,,"0",,"0","0",,"0",,,,
199,NA,1s72|1|0|C|2575,1s72|1|0|G|2578,1s72|1|0|U|2557,1s72|1|0|G|2558,C->G<-U--G,,,"cWW","cWW",,"ns35",,,,,,,,,,,,"0",,"0","0",,"0",,,,
200,NA,1s72|1|0|G|1902,1s72|1|0|U|1905,1s72|1|0|A|1934,1s72|1|0|C|1935,G->U->A--C,,,"cWW","cWW",,"s35",,,"8BPh",,,,,,,,,"0",,"0","0",,"0",,,,
201,NA,1s72|1|0|C|2717,1s72|1|0|U|2721,1s72|1|0|A|2761,1s72|1|0|G|2763,C->U->A->G,,,"cWW","cWW",,"s35",,,,,,"n5BR",,,,,,"0",,"0","0","0","0",,,,
202,NA,1s72|1|0|G|1425,1s72|1|0|U|1429,1s72|1|0|A|1437,1s72|1|0|C|1439,G->U->A->C,,,"cWW","cWW",,"s35",,,,,,,,,,,,"0",,"0","0",,"0",,,,
203,NA,1s72|1|9|U|33,1s72|1|9|C|37,1s72|1|9|G|43,1s72|1|9|A|47,U->C->G->A,,"s33","cWW","cWW",,"s35",,,,,,,,,,,,"0","0","0","0",,"0",,,,
204,NA,1s72|1|9|G|43,1s72|1|9|A|47,1s72|1|9|U|33,1s72|1|9|C|37,G->A<-U->C,"s35","s33","cWW","cWW",,,,,,,,,,,,,,"0","0","0","0",,"0",,,,
205,NA,1s72|1|0|G|868,1s72|1|0|G|870,1s72|1|0|C|880,1s72|1|0|C|884,G->G->C->C,"s55","s53","cWW","cWW",,"s33",,,,,,,,,,,,"0","0","0","0",,"0",,,,
206,NA,1s72|1|0|C|880,1s72|1|0|C|884,1s72|1|0|G|868,1s72|1|0|G|870,C->C<-G->G,"s33","s35","cWW","cWW",,"s55",,,,,,,,,,,,"0","0","0","0",,"0",,,,
