Similarity order,Discrepancy,Resolution,Position 1,Position 2,Sequence,Cross 1--2,View,Coordinates,Sequence variability
1,0.1942,NA,1s72|1|0|C|356,1s72|1|0|C|295,C<-C,"0",,,,
2,0.4739,NA,1s72|1|0|C|586,1s72|1|0|C|571,C<-C,"0",,,,
3,0.3750,NA,1s72|1|0|C|2132,1s72|1|0|C|2261,C->C,"0",,,,
4,0.4642,NA,1s72|1|0|C|1275,1s72|1|0|C|1281,C->C,"0",,,,
5,0.6418,NA,1s72|1|0|C|1466,1s72|1|0|C|1477,C->C,"0",,,,
6,0.5396,NA,1s72|1|0|C|2502,1s72|1|0|C|2518,C->C,"0",,,,
7,0.4857,NA,1s72|1|0|C|563,1s72|1|0|C|594,C->C,"0",,,,
8,0.4690,NA,1s72|1|0|C|937,1s72|1|0|C|1033,C->C,"0",,,,
9,0.6400,NA,1s72|1|0|C|291,1s72|1|0|C|361,C->C,"0",,,,
