Similarity order,Resolution,Position 1,Position 2,Position 3,Position 4,Position 5,Sequence,1--2,1--3,1--4,2--3,2--5,3--4,3--5,2--3,5--4,1--2,1--3,2--5,3--5,4--2,Cross 1--2,Cross 1--3,Cross 1--4,Cross 2--3,Cross 2--4,Cross 2--5,Cross 3--4,Cross 3--5,View,Coordinates,Sequence variability
1,NA,1s72|1|0|A|955,1s72|1|0|A|1012,1s72|1|0|U|954,1s72|1|0|A|1013,1s72|1|0|G|953,A->A<-U->A<-G,"tHS","s53","s55",,"s33","tWH","cHS",,"4BPh","6BR",,"6BR","n9BR",,"0","0","0",,"0","0","0","0",,,,
2,NA,1s72|1|0|A|383,1s72|1|0|G|406,1s72|1|0|U|382,1s72|1|0|A|407,1s72|1|0|G|381,A->G<-U->A<-G,"tHS","s53","s55","s33","s33","tWH","cHS","5BPh","3BPh","6BR",,"n5BR","n9BR",,"0","0","0","0","0","0","0","0",,,,
3,NA,1s72|1|0|A|2694,1s72|1|0|G|2701,1s72|1|0|U|2693,1s72|1|0|A|2702,1s72|1|0|G|2692,A->G<-U->A<-G,"tHS","s53","s55","s33","s33","tWH","cHS","5BPh","3BPh","6BR",,"n5BR","n9BR","n0BR","0","0","0","0","0","0","0","0",,,,
4,NA,1s72|1|0|A|1372,1s72|1|0|G|2053,1s72|1|0|U|1371,1s72|1|0|A|2054,1s72|1|0|G|1370,A->G<-U->A<-G,"tHS","ns53","s55","s33","s33","tWH","cHS","5BPh","3BPh","6BR",,"n5BR","n9BR","n0BR","0","0","0","0","0","0","0","0",,,,
5,NA,1s72|1|0|A|590,1s72|1|0|G|568,1s72|1|0|U|589,1s72|1|0|A|569,1s72|1|0|G|588,A<-G->U<-A->G,"tHS","s53","s55","s33","s33","tWH","cHS","5BPh","3BPh","6BR","n0BR","n5BR","n9BR","n0BR","0","0","0","0","0","0","0","0",,,,
6,NA,1s72|1|9|A|80,1s72|1|9|G|102,1s72|1|9|U|79,1s72|1|9|A|103,1s72|1|9|G|78,A->G<-U->A<-G,"tHS","s53","s55","s33","s33","tWH","cHS","5BPh","5BPh","6BR",,"5BR","n9BR",,"0","0","0","0","0","0","0","0",,,,
7,NA,1s72|1|0|A|1294,1s72|1|0|G|911,1s72|1|0|U|1293,1s72|1|0|A|912,1s72|1|0|G|1292,A<-G->U<-A->G,"tHS","s53","s55","s33","s33","tWH","cHS","5BPh","4BPh","6BR",,,"0BR",,"0","0","0","0","0","0","0","0",,,,
8,NA,1s72|1|0|A|215,1s72|1|0|G|225,1s72|1|0|U|214,1s72|1|0|A|226,1s72|1|0|G|213,A->G<-U->A<-G,"tHS","s53","s55","s33","s33","tWH","cHS","5BPh","4BPh","6BR",,"n5BR","n9BR",,"0","0","0","0","0","0","0","0",,,,
9,NA,1s72|1|0|A|177,1s72|1|0|G|159,1s72|1|0|U|176,1s72|1|0|A|160,1s72|1|0|G|175,A<-G->U<-A->G,"tHS","s53","s55","s33","s33","tWH","cHS","5BPh","4BPh","6BR",,"n5BR","n9BR",,"0","0","0","0","0","0","0","0",,,,
10,NA,1s72|1|0|A|466,1s72|1|0|G|475,1s72|1|0|U|465,1s72|1|0|A|476,1s72|1|0|G|464,A->G<-U->A<-G,"tHS","s53","s55","s33","s33","tWH","cHS","5BPh","4BPh","6BR",,"n5BR",,"n0BR","0","0","0","0","0","0","0","0",,,,
11,NA,1s72|1|0|A|360,1s72|1|0|G|292,1s72|1|0|U|359,1s72|1|0|A|293,1s72|1|0|G|358,A<-G->U<-A->G,"tHS","s53","s55","s33","s33","tWH","cHS","5BPh","4BPh","6BR",,"n5BR","n9BR","n0BR","0","0","0","0","0","0","0","0",,,,
12,NA,1s72|1|0|A|1973,1s72|1|0|G|2009,1s72|1|0|U|1972,1s72|1|0|A|2010,1s72|1|0|G|1971,A->G<-U->A<-G,"tHS","ns53","s55","s33","s33","tWH","cHS","5BPh","4BPh","6BR",,"n5BR","n9BR",,"0","0","0","0","0","0","0","0",,,,
