Similarity order,Discrepancy,Resolution,Position 1,Position 2,Sequence,1--2,Cross 1--2,View,Coordinates,Sequence variability
1,0.2155,NA,1s72|1|0|C|1680,1s72|1|0|G|1415,C<-G,"cWW","0",,,,
2,0.1802,NA,1s72|1|0|G|1415,1s72|1|0|C|1680,G->C,"cWW","0",,,,
3,0.2180,NA,1s72|1|0|G|2876,1s72|1|0|C|2881,G->C,"cWW","0",,,,
4,0.2373,NA,1s72|1|0|C|2881,1s72|1|0|G|2876,C<-G,"cWW","0",,,,
5,0.2302,NA,1s72|1|0|C|1808,1s72|1|0|G|1812,C->G,"cWW","0",,,,
6,0.2051,NA,1s72|1|0|G|1138,1s72|1|0|C|1225,G->C,"cWW","0",,,,
7,0.2195,NA,1s72|1|0|C|1514,1s72|1|0|G|1672,C->G,"cWW","0",,,,
8,0.2264,NA,1s72|1|0|G|1158,1s72|1|0|C|1209,G->C,"cWW","0",,,,
9,0.2376,NA,1s72|1|0|G|1468,1s72|1|0|C|1474,G->C,"cWW","0",,,,
10,0.2347,NA,1s72|1|0|G|76,1s72|1|0|C|101,G->C,"cWW","0",,,,
11,0.2086,NA,1s72|1|0|C|2561,1s72|1|0|G|2572,C->G,"cWW","0",,,,
12,0.2225,NA,1s72|1|9|G|94,1s72|1|9|C|89,G<-C,"cWW","0",,,,
13,0.1692,NA,1s72|1|0|G|2336,1s72|1|0|C|2348,G->C,"cWW","0",,,,
14,0.1110,NA,1s72|1|0|G|332,1s72|1|0|C|344,G->C,"cWW","0",,,,
15,0.1329,NA,1s72|1|0|G|431,1s72|1|0|C|239,G<-C,"cWW","0",,,,
16,0.1220,NA,1s72|1|0|G|2050,1s72|1|0|C|1725,G<-C,"cWW","0",,,,
17,0.1157,NA,1s72|1|0|G|648,1s72|1|0|C|757,G->C,"cWW","0",,,,
18,0.1237,NA,1s72|1|0|G|2013,1s72|1|0|C|1889,G<-C,"cWW","0",,,,
19,0.1488,NA,1s72|1|0|G|2670,1s72|1|0|C|2819,G->C,"cWW","0",,,,
20,0.1410,NA,1s72|1|0|G|1510,1s72|1|0|C|1495,G<-C,"cWW","0",,,,
21,0.0906,NA,1s72|1|0|G|2014,1s72|1|0|C|1888,G<-C,"cWW","0",,,,
22,0.1218,NA,1s72|1|0|G|416,1s72|1|0|C|424,G->C,"cWW","0",,,,
23,0.0925,NA,1s72|1|0|G|2275,1s72|1|0|C|2119,G<-C,"cWW","0",,,,
24,0.1760,NA,1s72|1|0|G|772,1s72|1|0|C|889,G->C,"cWW","0",,,,
25,0.2112,NA,1s72|1|0|G|384,1s72|1|0|C|405,G->C,"cWW","0",,,,
26,0.2330,NA,1s72|1|0|G|2124,1s72|1|0|C|2269,G->C,"cWW","0",,,,
27,0.2179,NA,1s72|1|0|G|716,1s72|1|0|C|712,G<-C,"cWW","0",,,,
28,0.1892,NA,1s72|1|0|G|142,1s72|1|0|C|136,G<-C,"cWW","0",,,,
29,0.2143,NA,1s72|1|0|G|2125,1s72|1|0|C|2268,G->C,"cWW","0",,,,
30,0.1790,NA,1s72|1|9|G|5,1s72|1|9|C|118,G->C,"cWW","0",,,,
31,0.1872,NA,1s72|1|0|G|1647,1s72|1|0|C|1538,G<-C,"cWW","0",,,,
32,0.1812,NA,1s72|1|0|G|870,1s72|1|0|C|880,G->C,"cWW","0",,,,
33,0.2262,NA,1s72|1|9|G|86,1s72|1|9|C|96,G->C,"cWW","0",,,,
34,0.2228,NA,1s72|1|0|G|2898,1s72|1|0|C|2859,G<-C,"cWW","0",,,,
35,0.2062,NA,1s72|1|0|G|2400,1s72|1|0|C|2388,G<-C,"cWW","0",,,,
36,0.2166,NA,1s72|1|0|G|1398,1s72|1|0|C|1384,G<-C,"cWW","0",,,,
37,0.2211,NA,1s72|1|0|G|1718,1s72|1|0|C|1404,G<-C,"cWW","0",,,,
38,0.1807,NA,1s72|1|0|G|180,1s72|1|0|C|156,G<-C,"cWW","0",,,,
39,0.2221,NA,1s72|1|0|G|1036,1s72|1|0|C|934,G<-C,"cWW","0",,,,
40,0.1718,NA,1s72|1|0|G|201,1s72|1|0|C|195,G<-C,"cWW","0",,,,
41,0.1654,NA,1s72|1|0|G|2025,1s72|1|0|C|1824,G<-C,"cWW","0",,,,
42,0.2322,NA,1s72|1|0|G|1867,1s72|1|0|C|1862,G<-C,"cWW","0",,,,
43,0.2108,NA,1s72|1|0|G|2603,1s72|1|0|C|2551,G<-C,"cWW","0",,,,
44,0.2221,NA,1s72|1|0|G|1621,1s72|1|0|C|1575,G<-C,"cWW","0",,,,
45,0.1992,NA,1s72|1|0|G|810,1s72|1|0|C|803,G<-C,"cWW","0",,,,
46,0.1923,NA,1s72|1|0|G|1300,1s72|1|0|C|905,G<-C,"cWW","0",,,,
47,0.2239,NA,1s72|1|0|G|1703,1s72|1|0|C|1715,G->C,"cWW","0",,,,
48,0.2357,NA,1s72|1|9|G|19,1s72|1|9|C|61,G->C,"cWW","0",,,,
49,0.2198,NA,1s72|1|0|G|2263,1s72|1|0|C|2130,G<-C,"cWW","0",,,,
50,0.2172,NA,1s72|1|0|G|81,1s72|1|0|C|93,G->C,"cWW","0",,,,
51,0.2031,NA,1s72|1|0|G|333,1s72|1|0|C|343,G->C,"cWW","0",,,,
52,0.2264,NA,1s72|1|0|G|2446,1s72|1|0|C|421,G<-C,"cWW","62",,,,
53,0.2231,NA,1s72|1|0|G|678,1s72|1|0|C|668,G<-C,"cWW","0",,,,
54,0.2248,NA,1s72|1|0|G|2634,1s72|1|0|C|2629,G<-C,"cWW","0",,,,
55,0.1821,NA,1s72|1|0|G|2295,1s72|1|0|C|2313,G->C,"cWW","0",,,,
56,0.1885,NA,1s72|1|0|C|1509,1s72|1|0|G|1496,C<-G,"cWW","0",,,,
57,0.1907,NA,1s72|1|0|G|944,1s72|1|0|C|1023,G->C,"cWW","0",,,,
58,0.1598,NA,1s72|1|0|G|2794,1s72|1|0|C|2780,G<-C,"cWW","0",,,,
59,0.1448,NA,1s72|1|0|G|2438,1s72|1|0|C|2454,G->C,"cWW","0",,,,
60,0.1572,NA,1s72|1|0|G|1901,1s72|1|0|C|1936,G->C,"cWW","0",,,,
61,0.2028,NA,1s72|1|0|G|802,1s72|1|0|C|811,G->C,"cWW","0",,,,
62,0.1547,NA,1s72|1|0|G|1877,1s72|1|0|C|1854,G<-C,"cWW","0",,,,
63,0.1612,NA,1s72|1|0|G|918,1s72|1|0|C|925,G->C,"cWW","0",,,,
64,0.1237,NA,1s72|1|0|G|2716,1s72|1|0|C|2764,G->C,"cWW","0",,,,
65,0.1615,NA,1s72|1|0|G|1034,1s72|1|0|C|936,G<-C,"cWW","0",,,,
66,0.1952,NA,1s72|1|0|G|1045,1s72|1|0|C|1069,G->C,"cWW","0",,,,
67,0.1639,NA,1s72|1|0|G|1099,1s72|1|0|C|1257,G->C,"cWW","0",,,,
68,0.2135,NA,1s72|1|0|G|2584,1s72|1|0|C|2594,G->C,"cWW","0",,,,
69,0.1929,NA,1s72|1|0|G|572,1s72|1|0|C|585,G->C,"cWW","0",,,,
70,0.2075,NA,1s72|1|0|G|755,1s72|1|0|C|650,G<-C,"cWW","0",,,,
71,0.1730,NA,1s72|1|0|G|669,1s72|1|0|C|677,G->C,"cWW","0",,,,
72,0.1829,NA,1s72|1|0|G|2687,1s72|1|0|C|2707,G->C,"cWW","0",,,,
73,0.1717,NA,1s72|1|0|G|1134,1s72|1|0|C|1228,G->C,"cWW","0",,,,
74,0.1625,NA,1s72|1|0|G|2349,1s72|1|0|C|2335,G<-C,"cWW","0",,,,
75,0.1650,NA,1s72|1|0|G|2267,1s72|1|0|C|2126,G<-C,"cWW","0",,,,
76,0.1743,NA,1s72|1|0|G|500,1s72|1|0|C|492,G<-C,"cWW","0",,,,
77,0.1871,NA,1s72|1|0|G|223,1s72|1|0|C|217,G<-C,"cWW","0",,,,
78,0.2074,NA,1s72|1|9|G|16,1s72|1|9|C|64,G->C,"cWW","0",,,,
79,0.1591,NA,1s72|1|0|G|41,1s72|1|0|C|440,G->C,"cWW","0",,,,
80,0.1364,NA,1s72|1|0|G|38,1s72|1|0|C|444,G->C,"cWW","0",,,,
81,0.0834,NA,1s72|1|0|C|2088,1s72|1|0|G|2656,C->G,"cWW","0",,,,
82,0.0939,NA,1s72|1|0|G|1489,1s72|1|0|C|1456,G<-C,"cWW","0",,,,
83,0.1222,NA,1s72|1|0|G|2679,1s72|1|0|C|2806,G->C,"cWW","0",,,,
84,0.1488,NA,1s72|1|0|G|237,1s72|1|0|C|433,G->C,"cWW","0",,,,
85,0.1886,NA,1s72|1|0|G|1799,1s72|1|0|C|1793,G<-C,"cWW","0",,,,
86,0.1852,NA,1s72|1|0|G|1216,1s72|1|0|C|1147,G<-C,"cWW","0",,,,
87,0.2224,NA,1s72|1|0|G|1239,1s72|1|0|C|1104,G<-C,"cWW","9",,,,
88,0.2260,NA,1s72|1|0|G|2442,1s72|1|0|C|2450,G->C,"cWW","0",,,,
89,0.1789,NA,1s72|1|0|G|901,1s72|1|0|C|763,G<-C,"cWW","0",,,,
90,0.1698,NA,1s72|1|0|G|1053,1s72|1|0|C|1061,G->C,"cWW","0",,,,
91,0.1678,NA,1s72|1|0|G|1694,1s72|1|0|C|1687,G<-C,"cWW","0",,,,
92,0.1476,NA,1s72|1|0|C|576,1s72|1|0|G|581,C->G,"cWW","0",,,,
93,0.1150,NA,1s72|1|0|G|1827,1s72|1|0|C|2021,G->C,"cWW","0",,,,
94,0.1361,NA,1s72|1|9|G|43,1s72|1|9|C|37,G<-C,"cWW","0",,,,
95,0.1234,NA,1s72|1|0|G|307,1s72|1|0|C|323,G->C,"cWW","0",,,,
96,0.1026,NA,1s72|1|0|G|2861,1s72|1|0|C|2895,G->C,"cWW","0",,,,
97,0.2034,NA,1s72|1|0|G|856,1s72|1|0|C|789,G<-C,"cWW","0",,,,
98,0.2196,NA,1s72|1|0|C|2464,1s72|1|0|G|2316,C<-G,"cWW","0",,,,
99,0.1838,NA,1s72|1|0|G|702,1s72|1|0|C|726,G->C,"cWW","0",,,,
100,0.1997,NA,1s72|1|0|C|1374,1s72|1|0|G|2051,C->G,"cWW","0",,,,
101,0.2312,NA,1s72|1|0|C|2432,1s72|1|0|G|2459,C->G,"cWW","0",,,,
102,0.1767,NA,1s72|1|0|C|480,1s72|1|0|G|28,C<-G,"cWW","0",,,,
103,0.2320,NA,1s72|1|0|G|2730,1s72|1|0|C|2752,G->C,"cWW","0",,,,
104,0.1649,NA,1s72|1|0|G|2522,1s72|1|0|C|2498,G<-C,"cWW","0",,,,
105,0.1471,NA,1s72|1|9|G|7,1s72|1|9|C|116,G->C,"cWW","0",,,,
106,0.1521,NA,1s72|1|0|G|771,1s72|1|0|C|890,G->C,"cWW","0",,,,
107,0.1632,NA,1s72|1|0|G|747,1s72|1|0|C|658,G<-C,"cWW","0",,,,
108,0.1876,NA,1s72|1|0|G|2660,1s72|1|0|C|2084,G<-C,"cWW","0",,,,
109,0.2051,NA,1s72|1|9|G|4,1s72|1|9|C|119,G->C,"cWW","0",,,,
110,0.1810,NA,1s72|1|0|G|1555,1s72|1|0|C|1566,G->C,"cWW","0",,,,
111,0.1819,NA,1s72|1|0|G|389,1s72|1|0|C|400,G->C,"cWW","0",,,,
112,0.1953,NA,1s72|1|0|C|1335,1s72|1|0|G|1322,C<-G,"cWW","0",,,,
113,0.2234,NA,1s72|1|0|G|182,1s72|1|0|C|154,G<-C,"cWW","0",,,,
114,0.1647,NA,1s72|1|0|C|2409,1s72|1|0|G|2418,C->G,"cWW","0",,,,
115,0.1831,NA,1s72|1|0|G|656,1s72|1|0|C|749,G->C,"cWW","0",,,,
116,0.1955,NA,1s72|1|0|G|1290,1s72|1|0|C|1268,G<-C,"cWW","0",,,,
117,0.1466,NA,1s72|1|0|G|1363,1s72|1|0|C|638,G<-C,"cWW","0",,,,
118,0.1606,NA,1s72|1|0|G|2638,1s72|1|0|C|2626,G<-C,"cWW","0",,,,
119,0.2091,NA,1s72|1|0|G|2753,1s72|1|0|C|2729,G<-C,"cWW","0",,,,
120,0.1919,NA,1s72|1|0|C|2292,1s72|1|0|G|2279,C<-G,"cWW","0",,,,
121,0.1573,NA,1s72|1|0|C|1342,1s72|1|0|G|1312,C<-G,"cWW","0",,,,
122,0.1966,NA,1s72|1|0|C|847,1s72|1|0|G|836,C<-G,"cWW","0",,,,
123,0.2251,NA,1s72|1|0|C|53,1s72|1|0|G|66,C->G,"cWW","0",,,,
124,0.2205,NA,1s72|1|0|C|617,1s72|1|0|G|539,C<-G,"cWW","0",,,,
125,0.1806,NA,1s72|1|0|G|1039,1s72|1|0|C|931,G<-C,"cWW","0",,,,
126,0.2058,NA,1s72|1|0|C|2767,1s72|1|0|G|2713,C<-G,"cWW","0",,,,
127,0.2022,NA,1s72|1|0|G|2887,1s72|1|0|C|2870,G<-C,"cWW","0",,,,
128,0.2287,NA,1s72|1|0|C|2647,1s72|1|0|G|2097,C<-G,"cWW","0",,,,
129,0.2338,NA,1s72|1|0|C|2273,1s72|1|0|G|2121,C<-G,"cWW","0",,,,
130,0.2242,NA,1s72|1|0|C|2319,1s72|1|0|G|2420,C->G,"cWW","0",,,,
131,0.2062,NA,1s72|1|0|G|1443,1s72|1|0|C|1421,G<-C,"cWW","0",,,,
132,0.1769,NA,1s72|1|0|C|85,1s72|1|0|G|61,C<-G,"cWW","12",,,,
133,0.1752,NA,1s72|1|0|C|1734,1s72|1|0|G|2045,C->G,"cWW","0",,,,
134,0.1974,NA,1s72|1|0|G|1385,1s72|1|0|C|1397,G->C,"cWW","0",,,,
135,0.2272,NA,1s72|1|0|C|1644,1s72|1|0|G|1541,C<-G,"cWW","0",,,,
136,0.2060,NA,1s72|1|0|C|2126,1s72|1|0|G|2267,C->G,"cWW","0",,,,
137,0.2010,NA,1s72|1|0|C|492,1s72|1|0|G|500,C->G,"cWW","0",,,,
138,0.1916,NA,1s72|1|0|G|92,1s72|1|0|C|82,G<-C,"cWW","0",,,,
139,0.1536,NA,1s72|1|0|G|404,1s72|1|0|C|385,G<-C,"cWW","0",,,,
140,0.1600,NA,1s72|1|0|C|424,1s72|1|0|G|416,C<-G,"cWW","0",,,,
141,0.2033,NA,1s72|1|0|C|2119,1s72|1|0|G|2275,C->G,"cWW","0",,,,
142,0.2165,NA,1s72|1|0|C|1888,1s72|1|0|G|2014,C->G,"cWW","0",,,,
143,0.2114,NA,1s72|1|0|C|2895,1s72|1|0|G|2861,C<-G,"cWW","0",,,,
144,0.2294,NA,1s72|1|0|C|344,1s72|1|0|G|332,C<-G,"cWW","0",,,,
145,0.2062,NA,1s72|1|0|C|239,1s72|1|0|G|431,C->G,"cWW","0",,,,
146,0.2092,NA,1s72|1|0|C|1725,1s72|1|0|G|2050,C->G,"cWW","0",,,,
147,0.2057,NA,1s72|1|0|C|757,1s72|1|0|G|648,C<-G,"cWW","0",,,,
148,0.1878,NA,1s72|1|0|C|1889,1s72|1|0|G|2013,C->G,"cWW","0",,,,
149,0.2118,NA,1s72|1|0|C|2819,1s72|1|0|G|2670,C<-G,"cWW","0",,,,
150,0.1631,NA,1s72|1|0|C|1495,1s72|1|0|G|1510,C->G,"cWW","0",,,,
151,0.1375,NA,1s72|1|0|G|2051,1s72|1|0|C|1374,G<-C,"cWW","0",,,,
152,0.1498,NA,1s72|1|0|C|726,1s72|1|0|G|702,C<-G,"cWW","0",,,,
153,0.1763,NA,1s72|1|0|G|2316,1s72|1|0|C|2464,G->C,"cWW","0",,,,
154,0.1971,NA,1s72|1|0|C|789,1s72|1|0|G|856,C->G,"cWW","0",,,,
155,0.1749,NA,1s72|1|0|G|2617,1s72|1|0|C|2542,G<-C,"cWW","0",,,,
156,0.0686,NA,1s72|1|0|G|2097,1s72|1|0|C|2647,G->C,"cWW","0",,,,
157,0.0981,NA,1s72|1|0|G|2817,1s72|1|0|C|2672,G<-C,"cWW","0",,,,
158,0.0934,NA,1s72|1|0|G|2713,1s72|1|0|C|2767,G->C,"cWW","0",,,,
159,0.0732,NA,1s72|1|0|C|2870,1s72|1|0|G|2887,C->G,"cWW","0",,,,
160,0.1045,NA,1s72|1|0|G|539,1s72|1|0|C|617,G->C,"cWW","0",,,,
161,0.1275,NA,1s72|1|0|C|931,1s72|1|0|G|1039,C->G,"cWW","0",,,,
162,0.1579,NA,1s72|1|0|G|273,1s72|1|0|C|377,G->C,"cWW","0",,,,
163,0.1387,NA,1s72|1|0|G|836,1s72|1|0|C|847,G->C,"cWW","0",,,,
164,0.1733,NA,1s72|1|0|G|2279,1s72|1|0|C|2292,G->C,"cWW","0",,,,
165,0.1654,NA,1s72|1|0|G|1312,1s72|1|0|C|1342,G->C,"cWW","0",,,,
166,0.1085,NA,1s72|1|0|C|385,1s72|1|0|G|404,C->G,"cWW","0",,,,
167,0.1154,NA,1s72|1|0|C|82,1s72|1|0|G|92,C->G,"cWW","0",,,,
168,0.1331,NA,1s72|1|9|C|6,1s72|1|9|G|117,C->G,"cWW","0",,,,
169,0.1426,NA,1s72|1|0|G|1541,1s72|1|0|C|1644,G->C,"cWW","0",,,,
170,0.1108,NA,1s72|1|0|G|2045,1s72|1|0|C|1734,G<-C,"cWW","0",,,,
171,0.1602,NA,1s72|1|0|C|1397,1s72|1|0|G|1385,C<-G,"cWW","0",,,,
172,0.1155,NA,1s72|1|0|C|1421,1s72|1|0|G|1443,C->G,"cWW","0",,,,
173,0.1087,NA,1s72|1|0|G|61,1s72|1|0|C|85,G->C,"cWW","12",,,,
174,0.1318,NA,1s72|1|0|G|2420,1s72|1|0|C|2319,G<-C,"cWW","0",,,,
175,0.1391,NA,1s72|1|0|C|2765,1s72|1|0|G|2715,C<-G,"cWW","0",,,,
176,0.1762,NA,1s72|1|0|G|1430,1s72|1|0|C|1436,G->C,"cWW","0",,,,
177,0.1866,NA,1s72|1|0|G|640,1s72|1|0|C|1361,G->C,"cWW","0",,,,
178,0.2012,NA,1s72|1|0|G|353,1s72|1|0|C|298,G<-C,"cWW","0",,,,
179,0.1890,NA,1s72|1|0|G|2079,1s72|1|0|C|2066,G<-C,"cWW","0",,,,
180,0.1968,NA,1s72|1|0|G|1299,1s72|1|0|C|906,G<-C,"cWW","0",,,,
181,0.2378,NA,1s72|1|0|G|2489,1s72|1|0|C|2533,G->C,"cWW","0",,,,
182,0.2291,NA,1s72|1|0|G|2058,1s72|1|0|C|1366,G<-C,"cWW","0",,,,
183,0.2202,NA,1s72|1|0|C|1803,1s72|1|0|G|1789,C<-G,"cWW","0",,,,
184,0.2299,NA,1s72|1|0|C|2571,1s72|1|0|G|2562,C<-G,"cWW","0",,,,
185,0.1895,NA,1s72|1|0|G|2080,1s72|1|0|C|2065,G<-C,"cWW","0",,,,
186,0.2116,NA,1s72|1|0|C|2752,1s72|1|0|G|2730,C<-G,"cWW","0",,,,
187,0.2374,NA,1s72|1|0|C|621,1s72|1|0|G|634,C->G,"cWW","0",,,,
188,0.2048,NA,1s72|1|0|G|28,1s72|1|0|C|480,G->C,"cWW","0",,,,
189,0.1806,NA,1s72|1|0|G|1322,1s72|1|0|C|1335,G->C,"cWW","0",,,,
190,0.2046,NA,1s72|1|0|C|155,1s72|1|0|G|181,C->G,"cWW","0",,,,
191,0.1526,NA,1s72|1|0|C|154,1s72|1|0|G|182,C->G,"cWW","0",,,,
192,0.1687,NA,1s72|1|0|G|2459,1s72|1|0|C|2432,G<-C,"cWW","0",,,,
193,0.2006,NA,1s72|1|0|C|1566,1s72|1|0|G|1555,C<-G,"cWW","0",,,,
194,0.2013,NA,1s72|1|0|C|400,1s72|1|0|G|389,C<-G,"cWW","0",,,,
195,0.2291,NA,1s72|1|9|C|119,1s72|1|9|G|4,C<-G,"cWW","0",,,,
196,0.2229,NA,1s72|1|0|C|2084,1s72|1|0|G|2660,C->G,"cWW","0",,,,
197,0.2297,NA,1s72|1|0|C|658,1s72|1|0|G|747,C->G,"cWW","0",,,,
198,0.1956,NA,1s72|1|0|C|890,1s72|1|0|G|771,C<-G,"cWW","0",,,,
199,0.1847,NA,1s72|1|9|C|116,1s72|1|9|G|7,C<-G,"cWW","0",,,,
200,0.1805,NA,1s72|1|0|C|2498,1s72|1|0|G|2522,C->G,"cWW","0",,,,
201,0.1493,NA,1s72|1|0|G|2418,1s72|1|0|C|2409,G<-C,"cWW","0",,,,
202,0.2064,NA,1s72|1|0|C|749,1s72|1|0|G|656,C<-G,"cWW","0",,,,
203,0.2341,NA,1s72|1|0|C|1268,1s72|1|0|G|1290,C->G,"cWW","0",,,,
204,0.1832,NA,1s72|1|0|C|638,1s72|1|0|G|1363,C->G,"cWW","0",,,,
205,0.1750,NA,1s72|1|0|C|2626,1s72|1|0|G|2638,C->G,"cWW","0",,,,
206,0.1847,NA,1s72|1|0|C|2729,1s72|1|0|G|2753,C->G,"cWW","0",,,,
207,0.2004,NA,1s72|1|0|C|763,1s72|1|0|G|901,C->G,"cWW","0",,,,
208,0.2357,NA,1s72|1|0|C|1061,1s72|1|0|G|1053,C<-G,"cWW","0",,,,
209,0.2350,NA,1s72|1|0|C|1456,1s72|1|0|G|1489,C->G,"cWW","0",,,,
210,0.2345,NA,1s72|1|0|C|2764,1s72|1|0|G|2716,C<-G,"cWW","0",,,,
211,0.2383,NA,1s72|1|0|C|936,1s72|1|0|G|1034,C->G,"cWW","0",,,,
212,0.1904,NA,1s72|1|0|C|677,1s72|1|0|G|669,C<-G,"cWW","0",,,,
213,0.2167,NA,1s72|1|0|C|2707,1s72|1|0|G|2687,C<-G,"cWW","0",,,,
214,0.2126,NA,1s72|1|0|C|1228,1s72|1|0|G|1134,C<-G,"cWW","0",,,,
215,0.2086,NA,1s72|1|0|C|2335,1s72|1|0|G|2349,C->G,"cWW","0",,,,
216,0.2127,NA,1s72|1|0|C|650,1s72|1|0|G|755,C->G,"cWW","0",,,,
217,0.2239,NA,1s72|1|0|C|1575,1s72|1|0|G|1621,C->G,"cWW","0",,,,
218,0.2093,NA,1s72|1|0|C|803,1s72|1|0|G|810,C->G,"cWW","0",,,,
219,0.2232,NA,1s72|1|0|C|905,1s72|1|0|G|1300,C->G,"cWW","0",,,,
220,0.2298,NA,1s72|1|0|C|2313,1s72|1|0|G|2295,C<-G,"cWW","0",,,,
221,0.2195,NA,1s72|1|0|C|421,1s72|1|0|G|2446,C->G,"cWW","62",,,,
222,0.1951,NA,1s72|1|0|C|668,1s72|1|0|G|678,C->G,"cWW","0",,,,
223,0.2031,NA,1s72|1|0|C|2629,1s72|1|0|G|2634,C->G,"cWW","0",,,,
224,0.1877,NA,1s72|1|0|C|2348,1s72|1|0|G|2336,C<-G,"cWW","0",,,,
225,0.2004,NA,1s72|1|0|G|2572,1s72|1|0|C|2561,G<-C,"cWW","0",,,,
226,0.1983,NA,1s72|1|9|C|89,1s72|1|9|G|94,C->G,"cWW","0",,,,
227,0.1999,NA,1s72|1|0|G|2333,1s72|1|0|C|2351,G->C,"cWW","0",,,,
228,0.2222,NA,1s72|1|9|C|63,1s72|1|9|G|17,C<-G,"cWW","0",,,,
229,0.2225,NA,1s72|1|0|G|2712,1s72|1|0|C|2682,G<-C,"cWW","0",,,,
230,0.2238,NA,1s72|1|0|G|2606,1s72|1|0|C|2548,G<-C,"cWW","0",,,,
231,0.2281,NA,1s72|1|0|G|1452,1s72|1|0|C|1675,G->C,"cWW","2",,,,
232,0.2039,NA,1s72|1|0|G|479,1s72|1|0|C|29,G<-C,"cWW","0",,,,
233,0.2096,NA,1s72|1|0|G|948,1s72|1|0|C|1019,G->C,"cWW","0",,,,
234,0.1890,NA,1s72|1|0|G|1460,1s72|1|0|C|1483,G->C,"cWW","0",,,,
235,0.2146,NA,1s72|1|0|G|1780,1s72|1|0|C|1764,G<-C,"cWW","0",,,,
236,0.2158,NA,1s72|1|0|G|1891,1s72|1|0|C|1946,G->C,"cWW","0",,,,
237,0.1750,NA,1s72|1|0|C|2835,1s72|1|0|G|2845,C->G,"cWW","0",,,,
238,0.1166,NA,1s72|1|0|G|2375,1s72|1|0|C|2325,G<-C,"cWW","0",,,,
239,0.1350,NA,1s72|1|0|G|709,1s72|1|0|C|719,G->C,"cWW","0",,,,
240,0.1388,NA,1s72|1|0|G|1021,1s72|1|0|C|946,G<-C,"cWW","0",,,,
241,0.1588,NA,1s72|1|0|G|2763,1s72|1|0|C|2717,G<-C,"cWW","0",,,,
242,0.1754,NA,1s72|1|0|G|467,1s72|1|0|C|474,G->C,"cWW","0",,,,
243,0.1515,NA,1s72|1|0|G|2871,1s72|1|0|C|2886,G->C,"cWW","0",,,,
244,0.1205,NA,1s72|1|0|G|528,1s72|1|0|C|15,G<-C,"cWW","0",,,,
245,0.1708,NA,1s72|1|0|G|2363,1s72|1|0|C|2423,G->C,"cWW","11",,,,
246,0.1162,NA,1s72|1|0|G|1726,1s72|1|0|C|2049,G->C,"cWW","0",,,,
247,0.1059,NA,1s72|1|0|G|703,1s72|1|0|C|725,G->C,"cWW","0",,,,
248,0.0913,NA,1s72|1|0|G|1401,1s72|1|0|C|1721,G->C,"cWW","0",,,,
249,0.0903,NA,1s72|1|0|G|2272,1s72|1|0|C|2122,G<-C,"cWW","0",,,,
250,0.1189,NA,1s72|1|0|G|13,1s72|1|0|C|530,G->C,"cWW","0",,,,
251,0.0519,NA,1s72|1|0|G|1618,1s72|1|0|C|1578,G<-C,"cWW","0",,,,
252,0.0796,NA,1s72|1|0|G|1402,1s72|1|0|C|1720,G->C,"cWW","0",,,,
253,0.1349,NA,1s72|1|0|G|657,1s72|1|0|C|748,G->C,"cWW","0",,,,
254,0.1186,NA,1s72|1|0|G|636,1s72|1|0|C|1365,G->C,"cWW","0",,,,
255,0.1485,NA,1s72|1|0|C|2676,1s72|1|0|G|2809,C->G,"cWW","0",,,,
256,0.2178,NA,1s72|1|0|C|412,1s72|1|0|G|428,C->G,"cWW","0",,,,
257,0.2307,NA,1s72|1|0|C|1250,1s72|1|0|G|1113,C<-G,"cWW","0",,,,
258,0.2100,NA,1s72|1|0|G|362,1s72|1|0|C|290,G<-C,"cWW","0",,,,
259,0.2039,NA,1s72|1|0|G|935,1s72|1|0|C|1035,G->C,"cWW","0",,,,
260,0.2031,NA,1s72|1|0|G|2491,1s72|1|0|C|2530,G->C,"cWW","0",,,,
261,0.2327,NA,1s72|1|0|C|18,1s72|1|0|G|525,C->G,"cWW","0",,,,
262,0.2069,NA,1s72|1|0|C|2844,1s72|1|0|G|2836,C<-G,"cWW","0",,,,
263,0.1980,NA,1s72|1|0|C|36,1s72|1|0|G|446,C->G,"cWW","0",,,,
264,0.2206,NA,1s72|1|0|C|1334,1s72|1|0|G|1323,C<-G,"cWW","0",,,,
265,0.2061,NA,1s72|1|0|G|2023,1s72|1|0|C|1826,G<-C,"cWW","0",,,,
266,0.1732,NA,1s72|1|0|G|529,1s72|1|0|C|14,G<-C,"cWW","0",,,,
267,0.1901,NA,1s72|1|0|C|73,1s72|1|0|G|104,C->G,"cWW","0",,,,
268,0.1832,NA,1s72|1|0|C|418,1s72|1|0|G|2449,C->G,"cWW","62",,,,
269,0.1794,NA,1s72|1|0|C|1251,1s72|1|0|G|1112,C<-G,"cWW","0",,,,
270,0.1703,NA,1s72|1|0|C|1988,1s72|1|0|G|2000,C->G,"cWW","0",,,,
271,0.1847,NA,1s72|1|0|G|2410,1s72|1|0|C|2417,G->C,"cWW","0",,,,
272,0.1468,NA,1s72|1|0|G|2646,1s72|1|0|C|2098,G<-C,"cWW","0",,,,
273,0.1994,NA,1s72|1|0|G|622,1s72|1|0|C|633,G->C,"cWW","0",,,,
274,0.1399,NA,1s72|1|0|G|1449,1s72|1|0|C|1513,G->C,"cWW","0",,,,
275,0.1578,NA,1s72|1|0|G|448,1s72|1|0|C|34,G<-C,"cWW","0",,,,
276,0.2236,NA,1s72|1|0|C|1914,1s72|1|0|G|1925,C->G,"cWW","0",,,,
277,0.2306,NA,1s72|1|0|G|2770,1s72|1|0|C|2804,G->C,"cWW","0",,,,
278,0.2175,NA,1s72|1|0|G|1851,1s72|1|0|C|1880,G->C,"cWW","0",,,,
279,0.1985,NA,1s72|1|0|G|828,1s72|1|0|C|853,G->C,"cWW","0",,,,
280,0.1942,NA,1s72|1|0|G|2289,1s72|1|0|C|2281,G<-C,"cWW","0",,,,
281,0.1605,NA,1s72|1|0|G|1295,1s72|1|0|C|910,G<-C,"cWW","0",,,,
282,0.1076,NA,1s72|1|0|G|2121,1s72|1|0|C|2273,G->C,"cWW","0",,,,
283,0.1685,NA,1s72|1|0|G|1743,1s72|1|0|C|2036,G->C,"cWW","0",,,,
284,0.1507,NA,1s72|1|0|G|2579,1s72|1|0|C|2556,G<-C,"cWW","0",,,,
285,0.1985,NA,1s72|1|0|G|1944,1s72|1|0|C|1893,G<-C,"cWW","0",,,,
286,0.2149,NA,1s72|1|0|G|1752,1s72|1|0|C|2031,G->C,"cWW","0",,,,
287,0.1922,NA,1s72|1|0|G|32,1s72|1|0|C|451,G->C,"cWW","0",,,,
288,0.1899,NA,1s72|1|0|G|690,1s72|1|0|C|695,G->C,"cWW","0",,,,
289,0.1980,NA,1s72|1|0|G|809,1s72|1|0|C|804,G<-C,"cWW","0",,,,
290,0.1969,NA,1s72|1|0|G|1416,1s72|1|0|C|1679,G->C,"cWW","0",,,,
291,0.1000,NA,1s72|1|0|G|1986,1s72|1|0|C|2002,G->C,"cWW","0",,,,
292,0.1286,NA,1s72|1|0|G|2385,1s72|1|0|C|2403,G->C,"cWW","0",,,,
293,0.0838,NA,1s72|1|0|G|2371,1s72|1|0|C|2329,G<-C,"cWW","0",,,,
294,0.1663,NA,1s72|1|0|G|379,1s72|1|0|C|240,G<-C,"cWW","0",,,,
295,0.1250,NA,1s72|1|9|G|114,1s72|1|9|C|9,G<-C,"cWW","0",,,,
296,0.1224,NA,1s72|1|0|G|66,1s72|1|0|C|53,G<-C,"cWW","0",,,,
297,0.2228,NA,1s72|1|0|G|723,1s72|1|0|C|705,G<-C,"cWW","0",,,,
298,0.2331,NA,1s72|1|0|C|2857,1s72|1|0|G|2900,C->G,"cWW","0",,,,
299,0.1848,NA,1s72|1|0|G|296,1s72|1|0|C|355,G->C,"cWW","0",,,,
300,0.2196,NA,1s72|1|0|G|2505,1s72|1|0|C|2515,G->C,"cWW","0",,,,
301,0.2387,NA,1s72|1|0|C|2551,1s72|1|0|G|2603,C->G,"cWW","0",,,,
302,0.2391,NA,1s72|1|0|C|403,1s72|1|0|G|386,C<-G,"cWW","0",,,,
303,0.2393,NA,1s72|1|0|G|634,1s72|1|0|C|621,G<-C,"cWW","0",,,,
304,0.2393,NA,1s72|1|0|C|1862,1s72|1|0|G|1867,C->G,"cWW","0",,,,
305,0.2395,NA,1s72|1|0|G|324,1s72|1|0|C|341,G->C,"cWW","3",,,,
306,0.2397,NA,1s72|1|0|G|116,1s72|1|0|C|124,G->C,"cWW","0",,,,
307,0.2397,NA,1s72|1|0|C|101,1s72|1|0|G|76,C<-G,"cWW","0",,,,
308,0.2403,NA,1s72|1|0|C|2685,1s72|1|0|G|2709,C->G,"cWW","0",,,,
309,0.2411,NA,1s72|1|0|C|2021,1s72|1|0|G|1827,C<-G,"cWW","0",,,,
310,0.2413,NA,1s72|1|0|G|2627,1s72|1|0|C|2636,G->C,"cWW","0",,,,
311,0.2415,NA,1s72|1|0|C|523,1s72|1|0|G|20,C<-G,"cWW","0",,,,
312,0.2423,NA,1s72|1|0|C|1423,1s72|1|0|G|1441,C->G,"cWW","0",,,,
313,0.2427,NA,1s72|1|0|G|800,1s72|1|0|C|813,G->C,"cWW","0",,,,
314,0.2428,NA,1s72|1|0|G|2580,1s72|1|0|C|2555,G<-C,"cWW","0",,,,
315,0.2430,NA,1s72|1|0|G|1325,1s72|1|0|C|1332,G->C,"cWW","0",,,,
316,0.2430,NA,1s72|1|0|G|1311,1s72|1|0|C|1343,G->C,"cWW","0",,,,
317,0.2431,NA,1s72|1|0|C|433,1s72|1|0|G|237,C<-G,"cWW","0",,,,
318,0.2435,NA,1s72|1|9|G|117,1s72|1|9|C|6,G<-C,"cWW","0",,,,
319,0.2442,NA,1s72|1|0|G|181,1s72|1|0|C|155,G<-C,"cWW","0",,,,
320,0.2442,NA,1s72|1|0|C|925,1s72|1|0|G|918,C<-G,"cWW","0",,,,
321,0.2444,NA,1s72|1|0|C|1069,1s72|1|0|G|1045,C<-G,"cWW","0",,,,
322,0.2447,NA,1s72|1|0|C|2066,1s72|1|0|G|2079,C->G,"cWW","0",,,,
323,0.2458,NA,1s72|1|0|G|1108,1s72|1|0|C|1254,G->C,"cWW","0",,,,
324,0.2460,NA,1s72|1|0|C|541,1s72|1|0|G|615,C->G,"cWW","0",,,,
325,0.2462,NA,1s72|1|0|G|1112,1s72|1|0|C|1251,G->C,"cWW","0",,,,
326,0.2468,NA,1s72|1|0|C|2351,1s72|1|0|G|2333,C<-G,"cWW","0",,,,
327,0.2468,NA,1s72|1|0|C|217,1s72|1|0|G|223,C->G,"cWW","0",,,,
328,0.2469,NA,1s72|1|0|C|725,1s72|1|0|G|703,C<-G,"cWW","0",,,,
329,0.2474,NA,1s72|1|0|C|2542,1s72|1|0|G|2617,C->G,"cWW","0",,,,
330,0.2477,NA,1s72|1|0|C|1257,1s72|1|0|G|1099,C<-G,"cWW","0",,,,
331,0.2484,NA,1s72|1|0|G|135,1s72|1|0|C|143,G->C,"cWW","0",,,,
332,0.2494,NA,1s72|1|0|G|1496,1s72|1|0|C|1509,G->C,"cWW","0",,,,
333,0.2497,NA,1s72|1|9|C|64,1s72|1|9|G|16,C<-G,"cWW","0",,,,
334,0.2503,NA,1s72|1|0|G|259,1s72|1|0|C|250,G<-C,"cWW","0",,,,
335,0.2503,NA,1s72|1|0|G|1100,1s72|1|0|C|1256,G->C,"cWW","0",,,,
336,0.2507,NA,1s72|1|0|C|2065,1s72|1|0|G|2080,C->G,"cWW","0",,,,
337,0.2508,NA,1s72|1|9|C|37,1s72|1|9|G|43,C->G,"cWW","0",,,,
338,0.2509,NA,1s72|1|0|C|2049,1s72|1|0|G|1726,C<-G,"cWW","0",,,,
339,0.2513,NA,1s72|1|0|C|822,1s72|1|0|G|792,C<-G,"cWW","0",,,,
340,0.2519,NA,1s72|1|0|C|2530,1s72|1|0|G|2491,C<-G,"cWW","0",,,,
341,0.2521,NA,1s72|1|0|G|266,1s72|1|0|C|245,G<-C,"cWW","0",,,,
342,0.2524,NA,1s72|1|0|G|1655,1s72|1|0|C|1651,G<-C,"cWW","0",,,,
343,0.2524,NA,1s72|1|0|G|2605,1s72|1|0|C|2549,G<-C,"cWW","0",,,,
344,0.2526,NA,1s72|1|9|G|66,1s72|1|9|C|15,G<-C,"cWW","0",,,,
345,0.2530,NA,1s72|1|0|C|2780,1s72|1|0|G|2794,C->G,"cWW","0",,,,
346,0.2533,NA,1s72|1|0|C|1023,1s72|1|0|G|944,C<-G,"cWW","0",,,,
347,0.2534,NA,1s72|1|0|G|413,1s72|1|0|C|427,G->C,"cWW","0",,,,
348,0.2534,NA,1s72|1|0|G|2715,1s72|1|0|C|2765,G->C,"cWW","0",,,,
349,0.2537,NA,1s72|1|0|G|956,1s72|1|0|C|1011,G->C,"cWW","0",,,,
350,0.2537,NA,1s72|1|0|C|343,1s72|1|0|G|333,C<-G,"cWW","0",,,,
351,0.2545,NA,1s72|1|0|C|290,1s72|1|0|G|362,C->G,"cWW","0",,,,
352,0.2546,NA,1s72|1|0|C|906,1s72|1|0|G|1299,C->G,"cWW","0",,,,
353,0.2556,NA,1s72|1|0|C|2594,1s72|1|0|G|2584,C<-G,"cWW","0",,,,
354,0.2559,NA,1s72|1|0|G|249,1s72|1|0|C|260,G->C,"cWW","0",,,,
355,0.2559,NA,1s72|1|0|G|2609,1s72|1|0|C|2547,G<-C,"cWW","0",,,,
356,0.2562,NA,1s72|1|0|C|440,1s72|1|0|G|41,C<-G,"cWW","0",,,,
357,0.2566,NA,1s72|1|0|C|1384,1s72|1|0|G|1398,C->G,"cWW","0",,,,
358,0.2569,NA,1s72|1|0|G|1713,1s72|1|0|C|1705,G<-C,"cWW","0",,,,
359,0.2569,NA,1s72|1|9|G|109,1s72|1|9|C|72,G<-C,"cWW","0",,,,
360,0.2573,NA,1s72|1|0|G|1789,1s72|1|0|C|1803,G->C,"cWW","0",,,,
361,0.2574,NA,1s72|1|0|C|1824,1s72|1|0|G|2025,C->G,"cWW","0",,,,
362,0.2576,NA,1s72|1|0|C|2122,1s72|1|0|G|2272,C->G,"cWW","0",,,,
363,0.2576,NA,1s72|1|0|C|1060,1s72|1|0|G|1054,C<-G,"cWW","0",,,,
364,0.2580,NA,1s72|1|0|C|300,1s72|1|0|G|351,C->G,"cWW","0",,,,
365,0.2582,NA,1s72|1|0|C|1474,1s72|1|0|G|1468,C<-G,"cWW","0",,,,
366,0.2585,NA,1s72|1|0|C|2806,1s72|1|0|G|2679,C<-G,"cWW","0",,,,
367,0.2588,NA,1s72|1|0|C|585,1s72|1|0|G|572,C<-G,"cWW","0",,,,
368,0.2594,NA,1s72|1|0|C|1209,1s72|1|0|G|1158,C<-G,"cWW","0",,,,
369,0.2596,NA,1s72|1|0|C|93,1s72|1|0|G|81,C<-G,"cWW","0",,,,
370,0.2596,NA,1s72|1|0|C|1049,1s72|1|0|G|1065,C->G,"cWW","0",,,,
371,0.2597,NA,1s72|1|0|G|792,1s72|1|0|C|822,G->C,"cWW","0",,,,
372,0.2602,NA,1s72|1|0|C|2745,1s72|1|0|G|2734,C<-G,"cWW","0",,,,
373,0.2602,NA,1s72|1|0|G|2709,1s72|1|0|C|2685,G<-C,"cWW","0",,,,
374,0.2603,NA,1s72|1|0|C|2672,1s72|1|0|G|2817,C->G,"cWW","0",,,,
375,0.2603,NA,1s72|1|9|C|81,1s72|1|9|G|101,C->G,"cWW","0",,,,
376,0.2610,NA,1s72|1|9|C|9,1s72|1|9|G|114,C->G,"cWW","0",,,,
377,0.2614,NA,1s72|1|0|C|2686,1s72|1|0|G|2708,C->G,"cWW","0",,,,
378,0.2614,NA,1s72|1|0|G|1672,1s72|1|0|C|1514,G<-C,"cWW","0",,,,
379,0.2621,NA,1s72|1|0|C|195,1s72|1|0|G|201,C->G,"cWW","0",,,,
380,0.2622,NA,1s72|1|0|C|899,1s72|1|0|G|765,C<-G,"cWW","0",,,,
381,0.2622,NA,1s72|1|0|G|2708,1s72|1|0|C|2686,G<-C,"cWW","0",,,,
382,0.2622,NA,1s72|1|0|C|613,1s72|1|0|G|543,C<-G,"cWW","0",,,,
383,0.2624,NA,1s72|1|0|G|1241,1s72|1|0|C|1102,G<-C,"cWW","9",,,,
384,0.2625,NA,1s72|1|0|C|298,1s72|1|0|G|353,C->G,"cWW","0",,,,
385,0.2627,NA,1s72|1|0|G|1823,1s72|1|0|C|2026,G->C,"cWW","0",,,,
386,0.2632,NA,1s72|1|0|C|1404,1s72|1|0|G|1718,C->G,"cWW","0",,,,
387,0.2633,NA,1s72|1|0|C|2500,1s72|1|0|G|2520,C->G,"cWW","0",,,,
388,0.2634,NA,1s72|1|0|G|2421,1s72|1|0|C|2318,G<-C,"cWW","0",,,,
389,0.2637,NA,1s72|1|0|C|1854,1s72|1|0|G|1877,C->G,"cWW","0",,,,
390,0.2637,NA,1s72|1|0|G|2656,1s72|1|0|C|2088,G<-C,"cWW","0",,,,
391,0.2637,NA,1s72|1|0|C|377,1s72|1|0|G|273,C<-G,"cWW","0",,,,
392,0.2640,NA,1s72|1|0|C|915,1s72|1|0|G|928,C->G,"cWW","0",,,,
393,0.2640,NA,1s72|1|0|C|2859,1s72|1|0|G|2898,C->G,"cWW","0",,,,
394,0.2641,NA,1s72|1|0|C|2450,1s72|1|0|G|2442,C<-G,"cWW","0",,,,
395,0.2643,NA,1s72|1|0|C|1687,1s72|1|0|G|1694,C->G,"cWW","0",,,,
396,0.2643,NA,1s72|1|0|C|240,1s72|1|0|G|379,C->G,"cWW","0",,,,
397,0.2651,NA,1s72|1|0|G|2828,1s72|1|0|C|2912,G->C,"cWW","0",,,,
398,0.2652,NA,1s72|1|0|G|2573,1s72|1|0|C|2560,G<-C,"cWW","0",,,,
399,0.2652,NA,1s72|1|0|C|1436,1s72|1|0|G|1430,C<-G,"cWW","0",,,,
400,0.2659,NA,1s72|1|0|G|814,1s72|1|0|C|799,G<-C,"cWW","0",,,,
401,0.2660,NA,1s72|1|0|C|1721,1s72|1|0|G|1401,C<-G,"cWW","0",,,,
402,0.2661,NA,1s72|1|0|G|581,1s72|1|0|C|576,G<-C,"cWW","0",,,,
403,0.2661,NA,1s72|1|0|C|2912,1s72|1|0|G|2828,C<-G,"cWW","0",,,,
404,0.2667,NA,1s72|1|9|C|61,1s72|1|9|G|19,C<-G,"cWW","0",,,,
405,0.2668,NA,1s72|1|0|C|799,1s72|1|0|G|814,C->G,"cWW","0",,,,
406,0.2670,NA,1s72|1|0|C|1035,1s72|1|0|G|935,C<-G,"cWW","0",,,,
407,0.2672,NA,1s72|1|9|C|48,1s72|1|9|G|32,C<-G,"cWW","0",,,,
408,0.2674,NA,1s72|1|0|C|2403,1s72|1|0|G|2385,C<-G,"cWW","0",,,,
409,0.2677,NA,1s72|1|0|G|2520,1s72|1|0|C|2500,G<-C,"cWW","0",,,,
410,0.2684,NA,1s72|1|0|G|765,1s72|1|0|C|899,G->C,"cWW","0",,,,
411,0.2686,NA,1s72|1|0|C|1893,1s72|1|0|G|1944,C->G,"cWW","0",,,,
412,0.2691,NA,1s72|1|0|C|1103,1s72|1|0|G|1240,C->G,"cWW","9",,,,
413,0.2692,NA,1s72|1|0|G|2000,1s72|1|0|C|1988,G<-C,"cWW","0",,,,
414,0.2694,NA,1s72|1|0|C|156,1s72|1|0|G|180,C->G,"cWW","0",,,,
415,0.2697,NA,1s72|1|0|C|1462,1s72|1|0|G|1481,C->G,"cWW","0",,,,
416,0.2701,NA,1s72|1|0|C|341,1s72|1|0|G|324,C<-G,"cWW","3",,,,
417,0.2709,NA,1s72|1|0|C|444,1s72|1|0|G|38,C<-G,"cWW","0",,,,
418,0.2715,NA,1s72|1|0|C|323,1s72|1|0|G|307,C<-G,"cWW","0",,,,
419,0.2720,NA,1s72|1|0|C|718,1s72|1|0|G|710,C<-G,"cWW","0",,,,
420,0.2721,NA,1s72|1|0|C|1715,1s72|1|0|G|1703,C<-G,"cWW","0",,,,
421,0.2724,NA,1s72|1|0|C|705,1s72|1|0|G|723,C->G,"cWW","0",,,,
422,0.2725,NA,1s72|1|0|G|1812,1s72|1|0|C|1808,G<-C,"cWW","0",,,,
423,0.2726,NA,1s72|1|0|C|1578,1s72|1|0|G|1618,C->G,"cWW","0",,,,
424,0.2727,NA,1s72|1|0|G|1529,1s72|1|0|C|1662,G->C,"cWW","0",,,,
425,0.2730,NA,1s72|1|0|C|762,1s72|1|0|G|902,C->G,"cWW","0",,,,
426,0.2733,NA,1s72|1|0|C|1403,1s72|1|0|G|1719,C->G,"cWW","0",,,,
427,0.2740,NA,1s72|1|0|C|1508,1s72|1|0|G|1497,C<-G,"cWW","0",,,,
428,0.2743,NA,1s72|1|0|C|880,1s72|1|0|G|870,C<-G,"cWW","0",,,,
429,0.2746,NA,1s72|1|0|G|834,1s72|1|0|C|848,G->C,"cWW","0",,,,
430,0.2751,NA,1s72|1|0|G|871,1s72|1|0|C|879,G->C,"cWW","0",,,,
431,0.2754,NA,1s72|1|0|C|1538,1s72|1|0|G|1647,C->G,"cWW","0",,,,
432,0.2756,NA,1s72|1|0|G|2829,1s72|1|0|C|2911,G->C,"cWW","0",,,,
433,0.2759,NA,1s72|1|0|G|2562,1s72|1|0|C|2571,G->C,"cWW","0",,,,
434,0.2764,NA,1s72|1|0|G|1240,1s72|1|0|C|1103,G<-C,"cWW","9",,,,
435,0.2768,NA,1s72|1|0|G|2449,1s72|1|0|C|418,G<-C,"cWW","62",,,,
436,0.2769,NA,1s72|1|0|C|530,1s72|1|0|G|13,C<-G,"cWW","0",,,,
437,0.2770,NA,1s72|1|0|C|1792,1s72|1|0|G|1800,C->G,"cWW","0",,,,
438,0.2771,NA,1s72|1|0|G|258,1s72|1|0|C|251,G<-C,"cWW","0",,,,
439,0.2771,NA,1s72|1|0|C|2533,1s72|1|0|G|2489,C<-G,"cWW","0",,,,
440,0.2772,NA,1s72|1|0|G|1475,1s72|1|0|C|1467,G<-C,"cWW","0",,,,
441,0.2776,NA,1s72|1|0|C|1651,1s72|1|0|G|1655,C->G,"cWW","0",,,,
442,0.2776,NA,1s72|1|0|G|928,1s72|1|0|C|915,G<-C,"cWW","0",,,,
443,0.2777,NA,1s72|1|9|G|32,1s72|1|9|C|48,G->C,"cWW","0",,,,
444,0.2778,NA,1s72|1|0|G|351,1s72|1|0|C|300,G<-C,"cWW","0",,,,
445,0.2781,NA,1s72|1|0|C|2636,1s72|1|0|G|2627,C<-G,"cWW","0",,,,
446,0.2782,NA,1s72|1|0|C|1602,1s72|1|0|G|1592,C<-G,"cWW","0",,,,
447,0.2787,NA,1s72|1|0|C|15,1s72|1|0|G|528,C->G,"cWW","0",,,,
448,0.2791,NA,1s72|1|0|C|2388,1s72|1|0|G|2400,C->G,"cWW","0",,,,
449,0.2793,NA,1s72|1|0|G|2734,1s72|1|0|C|2745,G->C,"cWW","0",,,,
450,0.2793,NA,1s72|1|0|G|1520,1s72|1|0|C|1666,G->C,"cWW","0",,,,
451,0.2794,NA,1s72|1|9|C|72,1s72|1|9|G|109,C->G,"cWW","0",,,,
452,0.2794,NA,1s72|1|0|C|934,1s72|1|0|G|1036,C->G,"cWW","0",,,,
453,0.2794,NA,1s72|1|0|G|610,1s72|1|0|C|546,G<-C,"cWW","0",,,,
454,0.2798,NA,1s72|1|0|C|2036,1s72|1|0|G|1743,C<-G,"cWW","0",,,,
455,0.2804,NA,1s72|1|0|C|2454,1s72|1|0|G|2438,C<-G,"cWW","0",,,,
456,0.2810,NA,1s72|1|0|G|2310,1s72|1|0|C|2298,G<-C,"cWW","0",,,,
457,0.2814,NA,1s72|1|0|C|2423,1s72|1|0|G|2363,C<-G,"cWW","11",,,,
458,0.2814,NA,1s72|1|0|C|859,1s72|1|0|G|787,C<-G,"cWW","0",,,,
459,0.2815,NA,1s72|1|0|G|1441,1s72|1|0|C|1423,G<-C,"cWW","0",,,,
460,0.2817,NA,1s72|1|0|G|104,1s72|1|0|C|73,G<-C,"cWW","0",,,,
461,0.2817,NA,1s72|1|0|G|1781,1s72|1|0|C|1763,G<-C,"cWW","0",,,,
462,0.2823,NA,1s72|1|0|C|1225,1s72|1|0|G|1138,C<-G,"cWW","0",,,,
463,0.2831,NA,1s72|1|0|G|1828,1s72|1|0|C|2020,G->C,"cWW","0",,,,
464,0.2834,NA,1s72|1|0|C|2625,1s72|1|0|G|2639,C->G,"cWW","0",,,,
465,0.2836,NA,1s72|1|0|G|2426,1s72|1|0|C|2360,G<-C,"cWW","11",,,,
466,0.2836,NA,1s72|1|0|G|2623,1s72|1|0|C|2641,G->C,"cWW","0",,,,
467,0.2838,NA,1s72|1|0|C|414,1s72|1|0|G|426,C->G,"cWW","0",,,,
468,0.2843,NA,1s72|1|0|C|637,1s72|1|0|G|1364,C->G,"cWW","0",,,,
469,0.2844,NA,1s72|1|0|C|2548,1s72|1|0|G|2606,C->G,"cWW","0",,,,
470,0.2846,NA,1s72|1|0|G|1074,1s72|1|0|C|1085,G->C,"cWW","0",,,,
471,0.2851,NA,1s72|1|0|C|2329,1s72|1|0|G|2371,C->G,"cWW","0",,,,
472,0.2852,NA,1s72|1|0|C|1019,1s72|1|0|G|948,C<-G,"cWW","0",,,,
473,0.2854,NA,1s72|1|0|C|2098,1s72|1|0|G|2646,C->G,"cWW","0",,,,
474,0.2855,NA,1s72|1|0|C|770,1s72|1|0|G|891,C->G,"cWW","0",,,,
475,0.2856,NA,1s72|1|0|G|615,1s72|1|0|C|541,G<-C,"cWW","0",,,,
476,0.2861,NA,1s72|1|9|C|31,1s72|1|9|G|49,C->G,"cWW","0",,,,
477,0.2863,NA,1s72|1|0|G|2585,1s72|1|0|C|2593,G->C,"cWW","0",,,,
478,0.2865,NA,1s72|1|0|C|1332,1s72|1|0|G|1325,C<-G,"cWW","0",,,,
479,0.2865,NA,1s72|1|9|G|17,1s72|1|9|C|63,G->C,"cWW","0",,,,
480,0.2868,NA,1s72|1|0|C|1720,1s72|1|0|G|1402,C<-G,"cWW","0",,,,
481,0.2869,NA,1s72|1|0|C|2886,1s72|1|0|G|2871,C<-G,"cWW","0",,,,
482,0.2885,NA,1s72|1|0|C|848,1s72|1|0|G|834,C<-G,"cWW","0",,,,
483,0.2885,NA,1s72|1|9|G|73,1s72|1|9|C|108,G->C,"cWW","0",,,,
484,0.2890,NA,1s72|1|0|C|1361,1s72|1|0|G|640,C<-G,"cWW","0",,,,
485,0.2890,NA,1s72|1|0|C|2035,1s72|1|0|G|1744,C<-G,"cWW","0",,,,
486,0.2893,NA,1s72|1|0|C|57,1s72|1|0|G|89,C->G,"cWW","12",,,,
487,0.2896,NA,1s72|1|0|G|2337,1s72|1|0|C|2347,G->C,"cWW","0",,,,
488,0.2900,NA,1s72|1|0|C|1104,1s72|1|0|G|1239,C->G,"cWW","9",,,,
489,0.2900,NA,1s72|1|0|C|1769,1s72|1|0|G|1774,C->G,"cWW","0",,,,
490,0.2902,NA,1s72|1|0|G|446,1s72|1|0|C|36,G<-C,"cWW","0",,,,
491,0.2922,NA,1s72|1|0|G|1592,1s72|1|0|C|1602,G->C,"cWW","0",,,,
492,0.2924,NA,1s72|1|0|C|1483,1s72|1|0|G|1460,C<-G,"cWW","0",,,,
493,0.2927,NA,1s72|1|0|C|2560,1s72|1|0|G|2573,C->G,"cWW","0",,,,
494,0.2928,NA,1s72|1|0|G|2700,1s72|1|0|C|2695,G<-C,"cWW","0",,,,
495,0.2929,NA,1s72|1|0|C|1513,1s72|1|0|G|1449,C<-G,"cWW","0",,,,
496,0.2930,NA,1s72|1|0|C|2405,1s72|1|0|G|2383,C<-G,"cWW","0",,,,
497,0.2935,NA,1s72|1|0|G|1121,1s72|1|0|C|1243,G->C,"cWW","0",,,,
498,0.2943,NA,1s72|1|9|G|49,1s72|1|9|C|31,G<-C,"cWW","0",,,,
499,0.2943,NA,1s72|1|0|C|1675,1s72|1|0|G|1452,C<-G,"cWW","2",,,,
500,0.2946,NA,1s72|1|0|G|2558,1s72|1|0|C|2575,G->C,"cWW","0",,,,
501,0.2950,NA,1s72|1|0|G|1221,1s72|1|0|C|1142,G<-C,"cWW","0",,,,
502,0.2951,NA,1s72|1|0|G|390,1s72|1|0|C|399,G->C,"cWW","0",,,,
503,0.2952,NA,1s72|1|0|C|2549,1s72|1|0|G|2605,C->G,"cWW","0",,,,
504,0.2953,NA,1s72|1|0|C|1243,1s72|1|0|G|1121,C<-G,"cWW","0",,,,
505,0.2962,NA,1s72|1|0|C|1157,1s72|1|0|G|1210,C->G,"cWW","0",,,,
506,0.2964,NA,1s72|1|9|C|118,1s72|1|9|G|5,C<-G,"cWW","0",,,,
507,0.2965,NA,1s72|1|0|C|1420,1s72|1|0|G|1444,C->G,"cWW","0",,,,
508,0.2971,NA,1s72|1|0|G|787,1s72|1|0|C|859,G->C,"cWW","0",,,,
509,0.2974,NA,1s72|1|0|G|1800,1s72|1|0|C|1792,G<-C,"cWW","0",,,,
510,0.2974,NA,1s72|1|0|C|2547,1s72|1|0|G|2609,C->G,"cWW","0",,,,
511,0.2976,NA,1s72|1|0|C|2555,1s72|1|0|G|2580,C->G,"cWW","0",,,,
512,0.2977,NA,1s72|1|0|C|2281,1s72|1|0|G|2289,C->G,"cWW","0",,,,
513,0.2983,NA,1s72|1|0|C|2130,1s72|1|0|G|2263,C->G,"cWW","0",,,,
514,0.2991,NA,1s72|1|0|C|813,1s72|1|0|G|800,C<-G,"cWW","0",,,,
515,0.2999,NA,1s72|1|0|G|1481,1s72|1|0|C|1462,G<-C,"cWW","0",,,,
516,0.3000,NA,1s72|1|0|C|2556,1s72|1|0|G|2579,C->G,"cWW","0",,,,
517,0.3004,NA,1s72|1|0|C|1516,1s72|1|0|G|1670,C->G,"cWW","0",,,,
518,0.3005,NA,1s72|1|0|G|2884,1s72|1|0|C|2873,G<-C,"cWW","0",,,,
519,0.3007,NA,1s72|1|0|C|29,1s72|1|0|G|479,C->G,"cWW","0",,,,
520,0.3007,NA,1s72|1|0|G|958,1s72|1|0|C|1008,G->C,"cWW","0",,,,
521,0.3010,NA,1s72|1|0|C|1666,1s72|1|0|G|1520,C<-G,"cWW","0",,,,
522,0.3017,NA,1s72|1|0|G|952,1s72|1|0|C|1015,G->C,"cWW","0",,,,
523,0.3019,NA,1s72|1|0|C|1008,1s72|1|0|G|958,C<-G,"cWW","0",,,,
524,0.3022,NA,1s72|1|0|G|1744,1s72|1|0|C|2035,G->C,"cWW","0",,,,
525,0.3025,NA,1s72|1|0|C|811,1s72|1|0|G|802,C<-G,"cWW","0",,,,
526,0.3027,NA,1s72|1|0|G|20,1s72|1|0|C|523,G->C,"cWW","0",,,,
527,0.3027,NA,1s72|1|0|C|1936,1s72|1|0|G|1901,C<-G,"cWW","0",,,,
528,0.3028,NA,1s72|1|0|G|2836,1s72|1|0|C|2844,G->C,"cWW","0",,,,
529,0.3034,NA,1s72|1|0|C|1256,1s72|1|0|G|1100,C<-G,"cWW","0",,,,
530,0.3035,NA,1s72|1|0|G|428,1s72|1|0|C|412,G<-C,"cWW","0",,,,
531,0.3035,NA,1s72|1|0|G|2771,1s72|1|0|C|2803,G->C,"cWW","0",,,,
532,0.3037,NA,1s72|1|0|C|2417,1s72|1|0|G|2410,C<-G,"cWW","0",,,,
533,0.3039,NA,1s72|1|0|C|946,1s72|1|0|G|1021,C->G,"cWW","0",,,,
534,0.3039,NA,1s72|1|0|C|696,1s72|1|0|G|689,C<-G,"cWW","0",,,,
535,0.3063,NA,1s72|1|0|G|525,1s72|1|0|C|18,G<-C,"cWW","0",,,,
536,0.3068,NA,1s72|1|9|C|96,1s72|1|9|G|86,C<-G,"cWW","0",,,,
537,0.3069,NA,1s72|1|0|G|386,1s72|1|0|C|403,G->C,"cWW","0",,,,
538,0.3071,NA,1s72|1|0|C|853,1s72|1|0|G|828,C<-G,"cWW","0",,,,
539,0.3080,NA,1s72|1|0|G|33,1s72|1|0|C|450,G->C,"cWW","0",,,,
540,0.3081,NA,1s72|1|0|C|2002,1s72|1|0|G|1986,C<-G,"cWW","0",,,,
541,0.3086,NA,1s72|1|0|G|689,1s72|1|0|C|696,G->C,"cWW","0",,,,
542,0.3089,NA,1s72|1|0|C|179,1s72|1|0|G|157,C<-G,"cWW","0",,,,
543,0.3090,NA,1s72|1|0|C|1102,1s72|1|0|G|1241,C->G,"cWW","9",,,,
544,0.3092,NA,1s72|1|0|C|2682,1s72|1|0|G|2712,C->G,"cWW","0",,,,
545,0.3096,NA,1s72|1|0|C|451,1s72|1|0|G|32,C<-G,"cWW","0",,,,
546,0.3097,NA,1s72|1|0|C|2325,1s72|1|0|G|2375,C->G,"cWW","0",,,,
547,0.3098,NA,1s72|1|0|G|1586,1s72|1|0|C|1609,G->C,"cWW","0",,,,
548,0.3098,NA,1s72|1|0|C|546,1s72|1|0|G|610,C->G,"cWW","0",,,,
549,0.3104,NA,1s72|1|0|C|2318,1s72|1|0|G|2421,C->G,"cWW","0",,,,
550,0.3109,NA,1s72|1|0|C|1935,1s72|1|0|G|1902,C<-G,"cWW","0",,,,
551,0.3113,NA,1s72|1|0|C|1366,1s72|1|0|G|2058,C->G,"cWW","0",,,,
552,0.3117,NA,1s72|1|0|C|14,1s72|1|0|G|529,C->G,"cWW","0",,,,
553,0.3121,NA,1s72|1|0|C|245,1s72|1|0|G|266,C->G,"cWW","0",,,,
554,0.3123,NA,1s72|1|0|G|891,1s72|1|0|C|770,G<-C,"cWW","0",,,,
555,0.3126,NA,1s72|1|0|C|717,1s72|1|0|G|711,C<-G,"cWW","0",,,,
556,0.3126,NA,1s72|1|0|C|399,1s72|1|0|G|390,C<-G,"cWW","0",,,,
557,0.3127,NA,1s72|1|0|C|1085,1s72|1|0|G|1074,C<-G,"cWW","0",,,,
558,0.3129,NA,1s72|1|0|C|2114,1s72|1|0|G|2471,C->G,"cWW","0",,,,
559,0.3135,NA,1s72|1|0|G|2779,1s72|1|0|C|2795,G->C,"cWW","0",,,,
560,0.3145,NA,1s72|1|0|C|2593,1s72|1|0|G|2585,C<-G,"cWW","0",,,,
561,0.3148,NA,1s72|1|0|C|65,1s72|1|0|G|54,C<-G,"cWW","0",,,,
562,0.3151,NA,1s72|1|0|C|1467,1s72|1|0|G|1475,C->G,"cWW","0",,,,
563,0.3154,NA,1s72|1|0|C|72,1s72|1|0|G|105,C->G,"cWW","0",,,,
564,0.3156,NA,1s72|1|0|G|2293,1s72|1|0|C|2315,G->C,"cWW","0",,,,
565,0.3164,NA,1s72|1|0|C|136,1s72|1|0|G|142,C->G,"cWW","0",,,,
566,0.3164,NA,1s72|1|0|G|2113,1s72|1|0|C|2472,G->C,"cWW","0",,,,
567,0.3170,NA,1s72|1|0|G|1923,1s72|1|0|C|1916,G<-C,"cWW","0",,,,
568,0.3171,NA,1s72|1|0|C|1735,1s72|1|0|G|2044,C->G,"cWW","0",,,,
569,0.3173,NA,1s72|1|0|C|1365,1s72|1|0|G|636,C<-G,"cWW","0",,,,
570,0.3188,NA,1s72|1|0|G|727,1s72|1|0|C|699,G<-C,"cWW","0",,,,
571,0.3194,NA,1s72|1|0|C|910,1s72|1|0|G|1295,C->G,"cWW","0",,,,
572,0.3200,NA,1s72|1|0|G|274,1s72|1|0|C|376,G->C,"cWW","0",,,,
573,0.3202,NA,1s72|1|0|C|2797,1s72|1|0|G|2777,C<-G,"cWW","0",,,,
574,0.3206,NA,1s72|1|0|C|2717,1s72|1|0|G|2763,C->G,"cWW","0",,,,
575,0.3208,NA,1s72|1|0|C|2248,1s72|1|0|G|2253,C->G,"cWW","0",,,,
576,0.3212,NA,1s72|1|0|G|2044,1s72|1|0|C|1735,G<-C,"cWW","0",,,,
577,0.3215,NA,1s72|1|0|C|889,1s72|1|0|G|772,C<-G,"cWW","0",,,,
578,0.3218,NA,1s72|1|0|C|606,1s72|1|0|G|553,C<-G,"cWW","0",,,,
579,0.3218,NA,1s72|1|0|C|1686,1s72|1|0|G|1695,C->G,"cWW","0",,,,
580,0.3219,NA,1s72|1|0|C|719,1s72|1|0|G|709,C<-G,"cWW","0",,,,
581,0.3219,NA,1s72|1|0|G|2639,1s72|1|0|C|2625,G<-C,"cWW","0",,,,
582,0.3219,NA,1s72|1|0|C|2614,1s72|1|0|G|2544,C<-G,"cWW","0",,,,
583,0.3219,NA,1s72|1|0|G|2809,1s72|1|0|C|2676,G<-C,"cWW","0",,,,
584,0.3226,NA,1s72|1|0|G|1054,1s72|1|0|C|1060,G->C,"cWW","0",,,,
585,0.3227,NA,1s72|1|0|G|1719,1s72|1|0|C|1403,G<-C,"cWW","0",,,,
586,0.3237,NA,1s72|1|0|G|1323,1s72|1|0|C|1334,G->C,"cWW","0",,,,
587,0.3244,NA,1s72|1|0|C|260,1s72|1|0|G|249,C<-G,"cWW","0",,,,
588,0.3247,NA,1s72|1|0|C|1999,1s72|1|0|G|1989,C<-G,"cWW","0",,,,
589,0.3252,NA,1s72|1|0|G|2777,1s72|1|0|C|2797,G->C,"cWW","0",,,,
590,0.3254,NA,1s72|1|0|C|474,1s72|1|0|G|467,C<-G,"cWW","0",,,,
591,0.3254,NA,1s72|1|0|C|250,1s72|1|0|G|259,C->G,"cWW","0",,,,
592,0.3258,NA,1s72|1|0|C|2026,1s72|1|0|G|1823,C<-G,"cWW","0",,,,
593,0.3265,NA,1s72|1|0|C|1844,1s72|1|0|G|1832,C<-G,"cWW","0",,,,
594,0.3267,NA,1s72|1|0|C|2334,1s72|1|0|G|2350,C->G,"cWW","0",,,,
595,0.3272,NA,1s72|1|0|C|1146,1s72|1|0|G|1217,C->G,"cWW","0",,,,
596,0.3273,NA,1s72|1|0|C|933,1s72|1|0|G|1037,C->G,"cWW","0",,,,
597,0.3275,NA,1s72|1|0|C|1763,1s72|1|0|G|1781,C->G,"cWW","0",,,,
598,0.3282,NA,1s72|1|0|C|143,1s72|1|0|G|135,C<-G,"cWW","0",,,,
599,0.3287,NA,1s72|1|9|G|101,1s72|1|9|C|81,G<-C,"cWW","0",,,,
600,0.3292,NA,1s72|1|0|C|2795,1s72|1|0|G|2779,C<-G,"cWW","0",,,,
601,0.3298,NA,1s72|1|0|C|695,1s72|1|0|G|690,C<-G,"cWW","0",,,,
602,0.3298,NA,1s72|1|0|G|231,1s72|1|0|C|208,G<-C,"cWW","0",,,,
603,0.3300,NA,1s72|1|0|C|2695,1s72|1|0|G|2700,C->G,"cWW","0",,,,
604,0.3302,NA,1s72|1|0|G|1802,1s72|1|0|C|1790,G<-C,"cWW","0",,,,
605,0.3307,NA,1s72|1|0|G|2041,1s72|1|0|C|1738,G<-C,"cWW","0",,,,
606,0.3309,NA,1s72|1|0|C|1562,1s72|1|0|G|2738,C->G,"cWW","76",,,,
607,0.3311,NA,1s72|1|0|G|369,1s72|1|0|C|280,G<-C,"cWW","0",,,,
608,0.3324,NA,1s72|1|0|C|2031,1s72|1|0|G|1752,C<-G,"cWW","0",,,,
609,0.3326,NA,1s72|1|0|C|1793,1s72|1|0|G|1799,C->G,"cWW","0",,,,
610,0.3330,NA,1s72|1|0|C|1916,1s72|1|0|G|1923,C->G,"cWW","0",,,,
611,0.3334,NA,1s72|1|0|G|1902,1s72|1|0|C|1935,G->C,"cWW","0",,,,
612,0.3337,NA,1s72|1|0|C|58,1s72|1|0|G|88,C->G,"cWW","12",,,,
613,0.3337,NA,1s72|1|0|G|1113,1s72|1|0|C|1250,G->C,"cWW","0",,,,
614,0.3339,NA,1s72|1|0|G|88,1s72|1|0|C|58,G<-C,"cWW","12",,,,
615,0.3343,NA,1s72|1|0|C|2268,1s72|1|0|G|2125,C<-G,"cWW","0",,,,
616,0.3346,NA,1s72|1|0|C|557,1s72|1|0|G|600,C->G,"cWW","0",,,,
617,0.3346,NA,1s72|1|0|G|1364,1s72|1|0|C|637,G<-C,"cWW","0",,,,
618,0.3349,NA,1s72|1|0|G|2383,1s72|1|0|C|2405,G->C,"cWW","0",,,,
619,0.3355,NA,1s72|1|0|G|1497,1s72|1|0|C|1508,G->C,"cWW","0",,,,
620,0.3356,NA,1s72|1|0|C|311,1s72|1|0|G|320,C->G,"cWW","0",,,,
621,0.3358,NA,1s72|1|0|C|2559,1s72|1|0|G|2574,C->G,"cWW","0",,,,
622,0.3366,NA,1s72|1|0|C|2347,1s72|1|0|G|2337,C<-G,"cWW","0",,,,
623,0.3366,NA,1s72|1|9|C|59,1s72|1|9|G|21,C<-G,"cWW","0",,,,
624,0.3369,NA,1s72|1|0|G|1849,1s72|1|0|C|1882,G->C,"cWW","0",,,,
625,0.3369,NA,1s72|1|0|C|596,1s72|1|0|G|561,C<-G,"cWW","0",,,,
626,0.3373,NA,1s72|1|0|C|1790,1s72|1|0|G|1802,C->G,"cWW","0",,,,
627,0.3375,NA,1s72|1|0|G|149,1s72|1|0|C|42,G<-C,"cWW","0",,,,
628,0.3376,NA,1s72|1|0|C|1147,1s72|1|0|G|1216,C->G,"cWW","0",,,,
629,0.3380,NA,1s72|1|0|G|1037,1s72|1|0|C|933,G<-C,"cWW","0",,,,
630,0.3380,NA,1s72|1|0|C|1826,1s72|1|0|G|2023,C->G,"cWW","0",,,,
631,0.3383,NA,1s72|1|0|C|2873,1s72|1|0|G|2884,C->G,"cWW","0",,,,
632,0.3385,NA,1s72|1|0|G|1409,1s72|1|0|C|1700,G->C,"cWW","0",,,,
633,0.3387,NA,1s72|1|0|G|1512,1s72|1|0|C|1450,G<-C,"cWW","0",,,,
634,0.3397,NA,1s72|1|0|G|1782,1s72|1|0|C|1762,G<-C,"cWW","0",,,,
635,0.3403,NA,1s72|1|0|C|34,1s72|1|0|G|448,C->G,"cWW","0",,,,
636,0.3408,NA,1s72|1|0|C|2381,1s72|1|0|G|2407,C->G,"cWW","0",,,,
637,0.3409,NA,1s72|1|0|C|2641,1s72|1|0|G|2623,C<-G,"cWW","0",,,,
638,0.3413,NA,1s72|1|0|C|1662,1s72|1|0|G|1529,C<-G,"cWW","0",,,,
639,0.3417,NA,1s72|1|0|G|1998,1s72|1|0|C|1990,G<-C,"cWW","0",,,,
640,0.3424,NA,1s72|1|0|C|2654,1s72|1|0|G|2090,C<-G,"cWW","0",,,,
641,0.3434,NA,1s72|1|0|C|405,1s72|1|0|G|384,C<-G,"cWW","0",,,,
642,0.3436,NA,1s72|1|0|C|2298,1s72|1|0|G|2310,C->G,"cWW","0",,,,
643,0.3437,NA,1s72|1|0|G|553,1s72|1|0|C|606,G->C,"cWW","0",,,,
644,0.3441,NA,1s72|1|0|G|2900,1s72|1|0|C|2857,G<-C,"cWW","0",,,,
645,0.3462,NA,1s72|1|0|C|309,1s72|1|0|G|322,C->G,"cWW","0",,,,
646,0.3463,NA,1s72|1|0|G|157,1s72|1|0|C|179,G->C,"cWW","0",,,,
647,0.3469,NA,1s72|1|0|C|2477,1s72|1|0|G|2110,C<-G,"cWW","0",,,,
648,0.3471,NA,1s72|1|0|C|2728,1s72|1|0|G|2754,C->G,"cWW","0",,,,
649,0.3474,NA,1s72|1|0|C|633,1s72|1|0|G|622,C<-G,"cWW","0",,,,
650,0.3477,NA,1s72|1|0|C|2833,1s72|1|0|G|2847,C->G,"cWW","0",,,,
651,0.3481,NA,1s72|1|0|G|887,1s72|1|0|C|774,G<-C,"cWW","0",,,,
652,0.3489,NA,1s72|1|0|G|1774,1s72|1|0|C|1769,G<-C,"cWW","0",,,,
653,0.3491,NA,1s72|1|0|C|748,1s72|1|0|G|657,C<-G,"cWW","0",,,,
654,0.3492,NA,1s72|1|0|C|1450,1s72|1|0|G|1512,C->G,"cWW","0",,,,
655,0.3501,NA,1s72|1|0|G|2845,1s72|1|0|C|2835,G<-C,"cWW","0",,,,
656,0.3503,NA,1s72|1|0|C|1360,1s72|1|0|G|641,C<-G,"cWW","0",,,,
657,0.3508,NA,1s72|1|0|G|739,1s72|1|0|C|732,G<-C,"cWW","0",,,,
658,0.3508,NA,1s72|1|0|C|1738,1s72|1|0|G|2041,C->G,"cWW","0",,,,
659,0.3510,NA,1s72|1|0|C|1015,1s72|1|0|G|952,C<-G,"cWW","0",,,,
660,0.3514,NA,1s72|1|0|G|2407,1s72|1|0|C|2381,G<-C,"cWW","0",,,,
661,0.3515,NA,1s72|1|0|G|320,1s72|1|0|C|311,G<-C,"cWW","0",,,,
662,0.3516,NA,1s72|1|0|C|1880,1s72|1|0|G|1851,C<-G,"cWW","0",,,,
663,0.3517,NA,1s72|1|0|G|1063,1s72|1|0|C|1051,G<-C,"cWW","0",,,,
664,0.3519,NA,1s72|1|9|C|71,1s72|1|9|G|110,C->G,"cWW","0",,,,
665,0.3522,NA,1s72|1|9|G|88,1s72|1|9|C|95,G->C,"cWW","0",,,,
666,0.3537,NA,1s72|1|0|C|2315,1s72|1|0|G|2293,C<-G,"cWW","0",,,,
667,0.3542,NA,1s72|1|0|G|583,1s72|1|0|C|574,G<-C,"cWW","0",,,,
668,0.3543,NA,1s72|1|0|C|287,1s72|1|0|G|365,C->G,"cWW","0",,,,
669,0.3543,NA,1s72|1|0|G|1110,1s72|1|0|C|1253,G->C,"cWW","0",,,,
670,0.3565,NA,1s72|1|0|C|2331,1s72|1|0|G|2355,C->G,"cWW","0",,,,
671,0.3580,NA,1s72|1|0|G|902,1s72|1|0|C|762,G<-C,"cWW","0",,,,
672,0.3581,NA,1s72|1|0|C|1140,1s72|1|0|G|1223,C->G,"cWW","0",,,,
673,0.3582,NA,1s72|1|0|C|1679,1s72|1|0|G|1416,C<-G,"cWW","0",,,,
674,0.3586,NA,1s72|1|0|G|1695,1s72|1|0|C|1686,G<-C,"cWW","0",,,,
675,0.3590,NA,1s72|1|0|C|1585,1s72|1|0|G|1610,C->G,"cWW","0",,,,
676,0.3592,NA,1s72|1|0|C|1011,1s72|1|0|G|956,C<-G,"cWW","0",,,,
677,0.3595,NA,1s72|1|0|G|54,1s72|1|0|C|65,G->C,"cWW","0",,,,
678,0.3599,NA,1s72|1|0|G|1065,1s72|1|0|C|1049,G<-C,"cWW","0",,,,
679,0.3605,NA,1s72|1|0|G|1600,1s72|1|0|C|1594,G<-C,"cWW","0",,,,
680,0.3617,NA,1s72|1|0|G|2471,1s72|1|0|C|2114,G<-C,"cWW","0",,,,
681,0.3622,NA,1s72|1|0|G|89,1s72|1|0|C|57,G<-C,"cWW","12",,,,
682,0.3622,NA,1s72|1|9|C|15,1s72|1|9|G|66,C->G,"cWW","0",,,,
683,0.3623,NA,1s72|1|0|G|1354,1s72|1|0|C|1301,G<-C,"cWW","0",,,,
684,0.3625,NA,1s72|1|0|C|376,1s72|1|0|G|274,C<-G,"cWW","0",,,,
685,0.3625,NA,1s72|1|0|C|450,1s72|1|0|G|33,C<-G,"cWW","0",,,,
686,0.3626,NA,1s72|1|0|C|1584,1s72|1|0|G|1611,C->G,"cWW","0",,,,
687,0.3626,NA,1s72|1|0|C|1570,1s72|1|0|G|1627,C->G,"cWW","0",,,,
688,0.3627,NA,1s72|1|0|G|543,1s72|1|0|C|613,G->C,"cWW","0",,,,
689,0.3636,NA,1s72|1|0|C|2751,1s72|1|0|G|2731,C<-G,"cWW","0",,,,
690,0.3646,NA,1s72|1|0|C|251,1s72|1|0|G|258,C->G,"cWW","0",,,,
691,0.3654,NA,1s72|1|0|C|1301,1s72|1|0|G|1354,C->G,"cWW","0",,,,
692,0.3656,NA,1s72|1|0|C|1396,1s72|1|0|G|1386,C<-G,"cWW","0",,,,
693,0.3659,NA,1s72|1|0|C|704,1s72|1|0|G|724,C->G,"cWW","0",,,,
694,0.3661,NA,1s72|1|0|G|257,1s72|1|0|C|252,G<-C,"cWW","0",,,,
695,0.3662,NA,1s72|1|0|C|2269,1s72|1|0|G|2124,C<-G,"cWW","0",,,,
696,0.3670,NA,1s72|1|0|C|879,1s72|1|0|G|871,C<-G,"cWW","0",,,,
697,0.3674,NA,1s72|1|0|C|2822,1s72|1|0|G|2667,C<-G,"cWW","0",,,,
698,0.3675,NA,1s72|1|0|G|2847,1s72|1|0|C|2833,G<-C,"cWW","0",,,,
699,0.3678,NA,1s72|1|0|C|2086,1s72|1|0|G|2658,C->G,"cWW","0",,,,
700,0.3680,NA,1s72|1|0|C|427,1s72|1|0|G|413,C<-G,"cWW","0",,,,
701,0.3681,NA,1s72|1|0|G|941,1s72|1|0|C|1025,G->C,"cWW","0",,,,
702,0.3682,NA,1s72|1|0|C|2519,1s72|1|0|G|2501,C<-G,"cWW","0",,,,
703,0.3685,NA,1s72|1|0|C|1537,1s72|1|0|G|1648,C->G,"cWW","0",,,,
704,0.3687,NA,1s72|1|0|G|426,1s72|1|0|C|414,G<-C,"cWW","0",,,,
705,0.3692,NA,1s72|1|0|C|1762,1s72|1|0|G|1782,C->G,"cWW","0",,,,
706,0.3695,NA,1s72|1|0|G|683,1s72|1|0|C|663,G<-C,"cWW","0",,,,
707,0.3702,NA,1s72|1|0|G|1933,1s72|1|0|C|1906,G<-C,"cWW","0",,,,
708,0.3702,NA,1s72|1|0|C|2759,1s72|1|0|G|2723,C<-G,"cWW","0",,,,
709,0.3706,NA,1s72|1|0|C|350,1s72|1|0|G|301,C<-G,"cWW","0",,,,
710,0.3709,NA,1s72|1|0|G|50,1s72|1|0|C|111,G->C,"cWW","0",,,,
711,0.3711,NA,1s72|1|0|G|710,1s72|1|0|C|718,G->C,"cWW","0",,,,
712,0.3717,NA,1s72|1|0|C|1987,1s72|1|0|G|2001,C->G,"cWW","0",,,,
713,0.3718,NA,1s72|1|0|C|230,1s72|1|0|G|209,C<-G,"cWW","0",,,,
714,0.3718,NA,1s72|1|0|C|1946,1s72|1|0|G|1891,C<-G,"cWW","0",,,,
715,0.3720,NA,1s72|1|0|G|2110,1s72|1|0|C|2477,G->C,"cWW","0",,,,
716,0.3724,NA,1s72|1|0|C|1343,1s72|1|0|G|1311,C<-G,"cWW","0",,,,
717,0.3727,NA,1s72|1|0|C|2262,1s72|1|0|G|2131,C<-G,"cWW","0",,,,
718,0.3734,NA,1s72|1|9|G|8,1s72|1|9|C|115,G->C,"cWW","0",,,,
719,0.3750,NA,1s72|1|0|C|1254,1s72|1|0|G|1108,C<-G,"cWW","0",,,,
720,0.3750,NA,1s72|1|0|C|1764,1s72|1|0|G|1780,C->G,"cWW","0",,,,
721,0.3754,NA,1s72|1|0|G|2001,1s72|1|0|C|1987,G<-C,"cWW","0",,,,
722,0.3757,NA,1s72|1|0|C|2651,1s72|1|0|G|2094,C<-G,"cWW","0",,,,
723,0.3763,NA,1s72|1|0|C|62,1s72|1|0|G|84,C->G,"cWW","12",,,,
724,0.3769,NA,1s72|1|0|C|1643,1s72|1|0|G|1542,C<-G,"cWW","0",,,,
725,0.3770,NA,1s72|1|0|G|326,1s72|1|0|C|330,G->C,"cWW","0",,,,
726,0.3772,NA,1s72|1|0|G|2090,1s72|1|0|C|2654,G->C,"cWW","0",,,,
727,0.3773,NA,1s72|1|0|C|1609,1s72|1|0|G|1586,C<-G,"cWW","0",,,,
728,0.3775,NA,1s72|1|0|G|2723,1s72|1|0|C|2759,G->C,"cWW","0",,,,
729,0.3781,NA,1s72|1|0|G|301,1s72|1|0|C|350,G->C,"cWW","0",,,,
730,0.3791,NA,1s72|1|0|G|1283,1s72|1|0|C|1273,G<-C,"cWW","0",,,,
731,0.3796,NA,1s72|1|0|G|1269,1s72|1|0|C|1289,G->C,"cWW","0",,,,
732,0.3811,NA,1s72|1|0|C|1025,1s72|1|0|G|941,C<-G,"cWW","0",,,,
733,0.3818,NA,1s72|1|0|C|1051,1s72|1|0|G|1063,C->G,"cWW","0",,,,
734,0.3823,NA,1s72|1|0|C|783,1s72|1|0|G|863,C->G,"cWW","0",,,,
735,0.3823,NA,1s72|1|0|C|330,1s72|1|0|G|326,C<-G,"cWW","0",,,,
736,0.3829,NA,1s72|1|0|C|2897,1s72|1|0|G|2860,C<-G,"cWW","0",,,,
737,0.3834,NA,1s72|1|0|C|124,1s72|1|0|G|116,C<-G,"cWW","0",,,,
738,0.3835,NA,1s72|1|0|C|1549,1s72|1|0|G|1636,C->G,"cWW","0",,,,
739,0.3838,NA,1s72|1|0|G|1217,1s72|1|0|C|1146,G<-C,"cWW","0",,,,
740,0.3839,NA,1s72|1|0|C|1303,1s72|1|0|G|1351,C->G,"cWW","0",,,,
741,0.3840,NA,1s72|1|0|C|238,1s72|1|0|G|432,C->G,"cWW","0",,,,
742,0.3858,NA,1s72|1|0|C|2048,1s72|1|0|G|1727,C<-G,"cWW","0",,,,
743,0.3873,NA,1s72|1|0|G|730,1s72|1|0|C|741,G->C,"cWW","0",,,,
744,0.3876,NA,1s72|1|0|C|2087,1s72|1|0|G|2657,C->G,"cWW","0",,,,
745,0.3882,NA,1s72|1|0|G|1223,1s72|1|0|C|1140,G<-C,"cWW","0",,,,
746,0.3886,NA,1s72|1|0|C|276,1s72|1|0|G|373,C->G,"cWW","0",,,,
747,0.3886,NA,1s72|1|0|G|1444,1s72|1|0|C|1420,G<-C,"cWW","0",,,,
748,0.3893,NA,1s72|1|0|G|2350,1s72|1|0|C|2334,G<-C,"cWW","0",,,,
749,0.3894,NA,1s72|1|0|G|1155,1s72|1|0|C|1212,G->C,"cWW","0",,,,
750,0.3895,NA,1s72|1|9|C|115,1s72|1|9|G|8,C<-G,"cWW","0",,,,
751,0.3907,NA,1s72|1|0|G|487,1s72|1|0|C|515,G->C,"cWW","0",,,,
752,0.3910,NA,1s72|1|0|G|2657,1s72|1|0|C|2087,G<-C,"cWW","0",,,,
753,0.3911,NA,1s72|1|0|C|208,1s72|1|0|G|231,C->G,"cWW","0",,,,
754,0.3911,NA,1s72|1|0|C|2804,1s72|1|0|G|2770,C<-G,"cWW","0",,,,
755,0.3912,NA,1s72|1|0|G|2574,1s72|1|0|C|2559,G<-C,"cWW","0",,,,
756,0.3919,NA,1s72|1|0|C|712,1s72|1|0|G|716,C->G,"cWW","0",,,,
757,0.3925,NA,1s72|1|9|C|95,1s72|1|9|G|88,C<-G,"cWW","0",,,,
758,0.3935,NA,1s72|1|0|G|2314,1s72|1|0|C|2294,G<-C,"cWW","0",,,,
759,0.3945,NA,1s72|1|0|G|84,1s72|1|0|C|62,G<-C,"cWW","12",,,,
760,0.3949,NA,1s72|1|0|C|42,1s72|1|0|G|149,C->G,"cWW","0",,,,
761,0.3949,NA,1s72|1|0|C|515,1s72|1|0|G|487,C<-G,"cWW","0",,,,
762,0.3953,NA,1s72|1|0|C|1899,1s72|1|0|G|1938,C->G,"cWW","0",,,,
763,0.3965,NA,1s72|1|9|G|21,1s72|1|9|C|59,G->C,"cWW","0",,,,
764,0.3967,NA,1s72|1|0|C|804,1s72|1|0|G|809,C->G,"cWW","0",,,,
765,0.3979,NA,1s72|1|0|C|2294,1s72|1|0|G|2314,C->G,"cWW","0",,,,
766,0.3984,NA,1s72|1|0|C|1705,1s72|1|0|G|1713,C->G,"cWW","0",,,,
767,0.3987,NA,1s72|1|0|C|1273,1s72|1|0|G|1283,C->G,"cWW","0",,,,
768,0.3995,NA,1s72|1|0|C|1263,1s72|1|0|G|1093,C<-G,"cWW","0",,,,
769,0.4001,NA,1s72|1|0|G|1094,1s72|1|0|C|1262,G->C,"cWW","0",,,,
770,0.4002,NA,1s72|1|0|G|1832,1s72|1|0|C|1844,G->C,"cWW","0",,,,
771,0.4015,NA,1s72|1|0|C|1267,1s72|1|0|G|1089,C<-G,"cWW","0",,,,
772,0.4019,NA,1s72|1|0|G|1627,1s72|1|0|C|1570,G<-C,"cWW","0",,,,
773,0.4019,NA,1s72|1|0|C|2440,1s72|1|0|G|2452,C->G,"cWW","0",,,,
774,0.4028,NA,1s72|1|0|G|2667,1s72|1|0|C|2822,G->C,"cWW","0",,,,
775,0.4040,NA,1s72|1|0|G|1382,1s72|1|0|C|1400,G->C,"cWW","0",,,,
776,0.4042,NA,1s72|1|0|G|1945,1s72|1|0|C|1892,G<-C,"cWW","0",,,,
777,0.4049,NA,1s72|1|0|G|209,1s72|1|0|C|230,G->C,"cWW","0",,,,
778,0.4053,NA,1s72|1|0|G|1167,1s72|1|0|C|1179,G->C,"cWW","0",,,,
779,0.4057,NA,1s72|1|0|C|1507,1s72|1|0|G|1498,C<-G,"cWW","0",,,,
780,0.4057,NA,1s72|1|0|G|1135,1s72|1|0|C|1227,G->C,"cWW","0",,,,
781,0.4058,NA,1s72|1|0|C|2893,1s72|1|0|G|2863,C<-G,"cWW","0",,,,
782,0.4059,NA,1s72|1|0|C|83,1s72|1|0|G|91,C->G,"cWW","0",,,,
783,0.4068,NA,1s72|1|0|C|1253,1s72|1|0|G|1110,C<-G,"cWW","0",,,,
784,0.4068,NA,1s72|1|0|C|111,1s72|1|0|G|50,C<-G,"cWW","0",,,,
785,0.4070,NA,1s72|1|0|C|2040,1s72|1|0|G|1739,C<-G,"cWW","0",,,,
786,0.4072,NA,1s72|1|0|C|663,1s72|1|0|G|683,C->G,"cWW","0",,,,
787,0.4077,NA,1s72|1|0|C|732,1s72|1|0|G|739,C->G,"cWW","0",,,,
788,0.4083,NA,1s72|1|0|G|2094,1s72|1|0|C|2651,G->C,"cWW","0",,,,
789,0.4091,NA,1s72|1|0|C|401,1s72|1|0|G|388,C<-G,"cWW","0",,,,
790,0.4091,NA,1s72|1|0|G|1925,1s72|1|0|C|1914,G<-C,"cWW","0",,,,
791,0.4093,NA,1s72|1|0|C|2245,1s72|1|0|G|2256,C->G,"cWW","0",,,,
792,0.4094,NA,1s72|1|0|C|355,1s72|1|0|G|296,C<-G,"cWW","0",,,,
793,0.4095,NA,1s72|1|0|G|2501,1s72|1|0|C|2519,G->C,"cWW","0",,,,
794,0.4095,NA,1s72|1|0|C|1882,1s72|1|0|G|1849,C<-G,"cWW","0",,,,
795,0.4099,NA,1s72|1|0|C|1620,1s72|1|0|G|1576,C<-G,"cWW","0",,,,
796,0.4115,NA,1s72|1|0|G|118,1s72|1|0|C|122,G->C,"cWW","0",,,,
797,0.4115,NA,1s72|1|0|C|1208,1s72|1|0|G|1159,C<-G,"cWW","0",,,,
798,0.4121,NA,1s72|1|0|C|1553,1s72|1|0|G|1568,C->G,"cWW","0",,,,
799,0.4122,NA,1s72|1|0|G|1704,1s72|1|0|C|1714,G->C,"cWW","0",,,,
800,0.4124,NA,1s72|1|0|C|1451,1s72|1|0|G|1676,C->G,"cWW","2",,,,
801,0.4129,NA,1s72|1|0|C|2439,1s72|1|0|G|2453,C->G,"cWW","0",,,,
802,0.4132,NA,1s72|1|0|G|711,1s72|1|0|C|717,G->C,"cWW","0",,,,
803,0.4140,NA,1s72|1|0|C|741,1s72|1|0|G|730,C<-G,"cWW","0",,,,
804,0.4143,NA,1s72|1|0|G|91,1s72|1|0|C|83,G<-C,"cWW","0",,,,
805,0.4146,NA,1s72|1|0|G|2544,1s72|1|0|C|2614,G->C,"cWW","0",,,,
806,0.4152,NA,1s72|1|0|C|2515,1s72|1|0|G|2505,C<-G,"cWW","0",,,,
807,0.4154,NA,1s72|1|0|G|1938,1s72|1|0|C|1899,G<-C,"cWW","0",,,,
808,0.4159,NA,1s72|1|0|C|605,1s72|1|0|G|554,C<-G,"cWW","0",,,,
809,0.4164,NA,1s72|1|0|G|1210,1s72|1|0|C|1157,G<-C,"cWW","0",,,,
810,0.4168,NA,1s72|1|0|C|2077,1s72|1|0|G|2068,C<-G,"cWW","0",,,,
811,0.4178,NA,1s72|1|0|G|724,1s72|1|0|C|704,G<-C,"cWW","0",,,,
812,0.4190,NA,1s72|1|0|C|1142,1s72|1|0|G|1221,C->G,"cWW","0",,,,
813,0.4190,NA,1s72|1|0|C|1906,1s72|1|0|G|1933,C->G,"cWW","0",,,,
814,0.4198,NA,1s72|1|0|G|2453,1s72|1|0|C|2439,G<-C,"cWW","0",,,,
815,0.4206,NA,1s72|1|0|G|554,1s72|1|0|C|605,G->C,"cWW","0",,,,
816,0.4216,NA,1s72|1|0|C|1633,1s72|1|0|G|1628,C<-G,"cWW","0",,,,
817,0.4222,NA,1s72|1|0|G|1351,1s72|1|0|C|1303,G<-C,"cWW","0",,,,
818,0.4234,NA,1s72|1|0|G|1989,1s72|1|0|C|1999,G->C,"cWW","0",,,,
819,0.4234,NA,1s72|1|0|C|279,1s72|1|0|G|370,C->G,"cWW","0",,,,
820,0.4234,NA,1s72|1|0|G|1628,1s72|1|0|C|1633,G->C,"cWW","0",,,,
821,0.4248,NA,1s72|1|0|G|1576,1s72|1|0|C|1620,G->C,"cWW","0",,,,
822,0.4251,NA,1s72|1|0|G|370,1s72|1|0|C|279,G<-C,"cWW","0",,,,
823,0.4256,NA,1s72|1|0|C|729,1s72|1|0|G|742,C->G,"cWW","0",,,,
824,0.4268,NA,1s72|1|0|G|1611,1s72|1|0|C|1584,G<-C,"cWW","0",,,,
825,0.4275,NA,1s72|1|0|G|2731,1s72|1|0|C|2751,G->C,"cWW","0",,,,
826,0.4303,NA,1s72|1|0|G|2131,1s72|1|0|C|2262,G->C,"cWW","0",,,,
827,0.4307,NA,1s72|1|0|C|1455,1s72|1|0|G|1490,C->G,"cWW","0",,,,
828,0.4316,NA,1s72|1|0|C|2496,1s72|1|0|G|2524,C->G,"cWW","0",,,,
829,0.4323,NA,1s72|1|0|C|2360,1s72|1|0|G|2426,C->G,"cWW","11",,,,
830,0.4326,NA,1s72|1|0|C|110,1s72|1|0|G|51,C<-G,"cWW","0",,,,
831,0.4332,NA,1s72|1|0|G|105,1s72|1|0|C|72,G<-C,"cWW","0",,,,
832,0.4342,NA,1s72|1|0|C|1400,1s72|1|0|G|1382,C<-G,"cWW","0",,,,
833,0.4343,NA,1s72|1|0|G|1601,1s72|1|0|C|1593,G<-C,"cWW","0",,,,
834,0.4349,NA,1s72|1|0|G|1896,1s72|1|0|C|1943,G->C,"cWW","0",,,,
835,0.4349,NA,1s72|1|0|C|1083,1s72|1|0|G|1076,C<-G,"cWW","0",,,,
836,0.4351,NA,1s72|1|0|C|1990,1s72|1|0|G|1998,C->G,"cWW","0",,,,
837,0.4359,NA,1s72|1|0|C|774,1s72|1|0|G|887,C->G,"cWW","0",,,,
838,0.4360,NA,1s72|1|0|C|2020,1s72|1|0|G|1828,C<-G,"cWW","0",,,,
839,0.4360,NA,1s72|1|0|G|2863,1s72|1|0|C|2893,G->C,"cWW","0",,,,
840,0.4366,NA,1s72|1|0|C|2846,1s72|1|0|G|2834,C<-G,"cWW","0",,,,
841,0.4367,NA,1s72|1|0|C|1593,1s72|1|0|G|1601,C->G,"cWW","0",,,,
842,0.4377,NA,1s72|1|0|G|1568,1s72|1|0|C|1553,G<-C,"cWW","0",,,,
843,0.4378,NA,1s72|1|0|C|1227,1s72|1|0|G|1135,C<-G,"cWW","0",,,,
844,0.4382,NA,1s72|1|0|C|1156,1s72|1|0|G|1211,C->G,"cWW","0",,,,
845,0.4391,NA,1s72|1|0|G|2355,1s72|1|0|C|2331,G<-C,"cWW","0",,,,
846,0.4400,NA,1s72|1|0|C|1861,1s72|1|0|G|1868,C->G,"cWW","0",,,,
847,0.4403,NA,1s72|1|0|C|1439,1s72|1|0|G|1425,C<-G,"cWW","0",,,,
848,0.4404,NA,1s72|1|0|C|1714,1s72|1|0|G|1704,C<-G,"cWW","0",,,,
849,0.4406,NA,1s72|1|9|G|110,1s72|1|9|C|71,G<-C,"cWW","0",,,,
850,0.4408,NA,1s72|1|0|G|388,1s72|1|0|C|401,G->C,"cWW","0",,,,
851,0.4419,NA,1s72|1|0|C|2317,1s72|1|0|G|2359,C->G,"cWW","11",,,,
852,0.4431,NA,1s72|1|0|G|1739,1s72|1|0|C|2040,G->C,"cWW","0",,,,
853,0.4432,NA,1s72|1|0|C|122,1s72|1|0|G|118,C<-G,"cWW","0",,,,
854,0.4434,NA,1s72|1|0|G|1670,1s72|1|0|C|1516,G<-C,"cWW","0",,,,
855,0.4442,NA,1s72|1|0|G|2754,1s72|1|0|C|2728,G<-C,"cWW","0",,,,
856,0.4443,NA,1s72|1|0|G|2359,1s72|1|0|C|2317,G<-C,"cWW","11",,,,
857,0.4445,NA,1s72|1|0|C|1305,1s72|1|0|G|1349,C->G,"cWW","0",,,,
858,0.4452,NA,1s72|1|0|G|863,1s72|1|0|C|783,G<-C,"cWW","0",,,,
859,0.4452,NA,1s72|1|0|C|1262,1s72|1|0|G|1094,C<-G,"cWW","0",,,,
860,0.4454,NA,1s72|1|0|C|1787,1s72|1|0|G|1805,C->G,"cWW","0",,,,
861,0.4459,NA,1s72|1|0|C|1700,1s72|1|0|G|1409,C<-G,"cWW","0",,,,
862,0.4466,NA,1s72|1|0|G|365,1s72|1|0|C|287,G<-C,"cWW","0",,,,
863,0.4467,NA,1s72|1|0|G|2834,1s72|1|0|C|2846,G->C,"cWW","0",,,,
864,0.4481,NA,1s72|1|0|C|1594,1s72|1|0|G|1600,C->G,"cWW","0",,,,
865,0.4482,NA,1s72|1|0|C|2575,1s72|1|0|G|2558,C<-G,"cWW","0",,,,
866,0.4489,NA,1s72|1|0|C|1699,1s72|1|0|G|1410,C<-G,"cWW","0",,,,
867,0.4503,NA,1s72|1|0|C|280,1s72|1|0|G|369,C->G,"cWW","0",,,,
868,0.4513,NA,1s72|1|0|G|1386,1s72|1|0|C|1396,G->C,"cWW","0",,,,
869,0.4520,NA,1s72|1|0|G|373,1s72|1|0|C|276,G<-C,"cWW","0",,,,
870,0.4523,NA,1s72|1|0|G|1410,1s72|1|0|C|1699,G->C,"cWW","0",,,,
871,0.4524,NA,1s72|1|0|G|2253,1s72|1|0|C|2248,G<-C,"cWW","0",,,,
872,0.4529,NA,1s72|1|0|G|1089,1s72|1|0|C|1267,G->C,"cWW","0",,,,
873,0.4536,NA,1s72|1|0|C|2296,1s72|1|0|G|2312,C->G,"cWW","0",,,,
874,0.4543,NA,1s72|1|0|C|2346,1s72|1|0|G|2338,C<-G,"cWW","0",,,,
875,0.4549,NA,1s72|1|0|G|2658,1s72|1|0|C|2086,G<-C,"cWW","0",,,,
876,0.4556,NA,1s72|1|0|G|600,1s72|1|0|C|557,G<-C,"cWW","0",,,,
877,0.4579,NA,1s72|1|0|G|1805,1s72|1|0|C|1787,G<-C,"cWW","0",,,,
878,0.4584,NA,1s72|1|0|C|1565,1s72|1|0|G|1556,C<-G,"cWW","0",,,,
879,0.4587,NA,1s72|1|0|C|2476,1s72|1|0|G|2111,C<-G,"cWW","0",,,,
880,0.4595,NA,1s72|1|0|G|219,1s72|1|0|C|168,G<-C,"cWW","14",,,,
881,0.4598,NA,1s72|1|0|C|2472,1s72|1|0|G|2113,C<-G,"cWW","0",,,,
882,0.4599,NA,1s72|1|0|G|561,1s72|1|0|C|596,G->C,"cWW","0",,,,
883,0.4602,NA,1s72|1|0|C|443,1s72|1|0|G|39,C<-G,"cWW","0",,,,
884,0.4640,NA,1s72|1|0|G|1076,1s72|1|0|C|1083,G->C,"cWW","0",,,,
885,0.4642,NA,1s72|1|0|G|322,1s72|1|0|C|309,G<-C,"cWW","0",,,,
886,0.4647,NA,1s72|1|0|C|1892,1s72|1|0|G|1945,C->G,"cWW","0",,,,
887,0.4659,NA,1s72|1|0|G|1498,1s72|1|0|C|1507,G->C,"cWW","0",,,,
888,0.4677,NA,1s72|1|9|C|108,1s72|1|9|G|73,C<-G,"cWW","0",,,,
889,0.4684,NA,1s72|1|0|G|432,1s72|1|0|C|238,G<-C,"cWW","0",,,,
890,0.4692,NA,1s72|1|0|C|676,1s72|1|0|G|670,C<-G,"cWW","0",,,,
891,0.4697,NA,1s72|1|0|G|2860,1s72|1|0|C|2897,G->C,"cWW","0",,,,
892,0.4698,NA,1s72|1|0|G|2452,1s72|1|0|C|2440,G<-C,"cWW","0",,,,
893,0.4704,NA,1s72|1|0|C|1564,1s72|1|0|G|1557,C<-G,"cWW","0",,,,
894,0.4713,NA,1s72|1|0|G|1093,1s72|1|0|C|1263,G->C,"cWW","0",,,,
895,0.4714,NA,1s72|1|0|G|964,1s72|1|0|C|1004,G->C,"cWW","0",,,,
896,0.4715,NA,1s72|1|0|G|1727,1s72|1|0|C|2048,G->C,"cWW","0",,,,
897,0.4717,NA,1s72|1|0|G|1676,1s72|1|0|C|1451,G<-C,"cWW","2",,,,
898,0.4727,NA,1s72|1|0|C|2376,1s72|1|0|G|2324,C<-G,"cWW","0",,,,
899,0.4728,NA,1s72|1|0|G|1820,1s72|1|0|C|2029,G->C,"cWW","0",,,,
900,0.4735,NA,1s72|1|9|C|98,1s72|1|9|G|84,C<-G,"cWW","0",,,,
901,0.4745,NA,1s72|1|0|C|1183,1s72|1|0|G|1163,C<-G,"ncWW","0",,,,
902,0.4746,NA,1s72|1|0|C|2241,1s72|1|0|G|2134,C<-G,"cWW","0",,,,
903,0.4753,NA,1s72|1|0|C|2802,1s72|1|0|G|2772,C<-G,"cWW","0",,,,
904,0.4755,NA,1s72|1|0|G|1490,1s72|1|0|C|1455,G<-C,"cWW","0",,,,
905,0.4756,NA,1s72|1|0|G|2416,1s72|1|0|C|2411,G<-C,"cWW","0",,,,
906,0.4757,NA,1s72|1|0|G|641,1s72|1|0|C|1360,G->C,"cWW","0",,,,
907,0.4773,NA,1s72|1|0|G|51,1s72|1|0|C|110,G->C,"cWW","0",,,,
908,0.4796,NA,1s72|1|0|G|1648,1s72|1|0|C|1537,G<-C,"cWW","0",,,,
909,0.4805,NA,1s72|1|0|C|2911,1s72|1|0|G|2829,C<-G,"cWW","0",,,,
910,0.4814,NA,1s72|1|0|G|1868,1s72|1|0|C|1861,G<-C,"cWW","0",,,,
911,0.4823,NA,1s72|1|0|C|1272,1s72|1|0|G|1284,C->G,"cWW","0",,,,
912,0.4826,NA,1s72|1|0|C|252,1s72|1|0|G|257,C->G,"cWW","0",,,,
913,0.4845,NA,1s72|1|0|C|1289,1s72|1|0|G|1269,C<-G,"cWW","0",,,,
914,0.4847,NA,1s72|1|0|G|2772,1s72|1|0|C|2802,G->C,"cWW","0",,,,
915,0.4849,NA,1s72|1|0|C|1179,1s72|1|0|G|1167,C<-G,"cWW","0",,,,
916,0.4860,NA,1s72|1|0|C|2029,1s72|1|0|G|1820,C<-G,"cWW","0",,,,
917,0.4884,NA,1s72|1|0|G|2524,1s72|1|0|C|2496,G<-C,"cWW","0",,,,
918,0.4885,NA,1s72|1|9|C|107,1s72|1|9|G|74,C<-G,"cWW","0",,,,
919,0.4893,NA,1s72|1|0|C|2803,1s72|1|0|G|2771,C<-G,"cWW","0",,,,
920,0.4896,NA,1s72|1|0|G|1542,1s72|1|0|C|1643,G->C,"cWW","0",,,,
921,0.4914,NA,1s72|1|0|G|1878,1s72|1|0|C|1853,G<-C,"cWW","0",,,,
922,0.4937,NA,1s72|1|0|G|1636,1s72|1|0|C|1549,G<-C,"cWW","0",,,,
923,0.4957,NA,1s72|1|0|G|1425,1s72|1|0|C|1439,G->C,"cWW","0",,,,
924,0.4974,NA,1s72|1|0|C|667,1s72|1|0|G|679,C->G,"cWW","0",,,,
925,0.4983,NA,1s72|1|0|C|2552,1s72|1|0|G|2602,C->G,"cWW","0",,,,
926,0.4983,NA,1s72|1|0|C|1975,1s72|1|0|G|2005,C->G,"cWW","0",,,,
927,0.5005,NA,1s72|1|0|G|1349,1s72|1|0|C|1305,G<-C,"cWW","0",,,,
928,0.5013,NA,1s72|1|0|C|1068,1s72|1|0|G|1046,C<-G,"cWW","0",,,,
929,0.5037,NA,1s72|1|9|C|67,1s72|1|9|G|14,C<-G,"cWW","0",,,,
930,0.5043,NA,1s72|1|0|G|670,1s72|1|0|C|676,G->C,"cWW","0",,,,
931,0.5070,NA,1s72|1|0|C|491,1s72|1|0|G|501,C->G,"cWW","0",,,,
932,0.5075,NA,1s72|1|9|G|84,1s72|1|9|C|98,G->C,"cWW","0",,,,
933,0.5090,NA,1s72|1|0|G|1211,1s72|1|0|C|1156,G<-C,"cWW","0",,,,
934,0.5092,NA,1s72|1|0|C|2821,1s72|1|0|G|2668,C<-G,"cWW","0",,,,
935,0.5093,NA,1s72|1|0|C|849,1s72|1|0|G|833,C<-G,"cWW","0",,,,
936,0.5097,NA,1s72|1|0|G|2742,1s72|1|0|C|2737,G<-C,"cWW","0",,,,
937,0.5108,NA,1s72|1|0|C|699,1s72|1|0|G|727,C->G,"cWW","0",,,,
938,0.5109,NA,1s72|1|0|G|1046,1s72|1|0|C|1068,G->C,"cWW","0",,,,
939,0.5110,NA,1s72|1|0|G|2111,1s72|1|0|C|2476,G->C,"cWW","0",,,,
940,0.5126,NA,1s72|1|0|C|2411,1s72|1|0|G|2416,C->G,"cWW","0",,,,
941,0.5138,NA,1s72|1|0|G|1556,1s72|1|0|C|1565,G->C,"cWW","0",,,,
942,0.5141,NA,1s72|1|0|G|1610,1s72|1|0|C|1585,G<-C,"cWW","0",,,,
943,0.5150,NA,1s72|1|0|G|833,1s72|1|0|C|849,G->C,"cWW","0",,,,
944,0.5169,NA,1s72|1|0|G|865,1s72|1|0|C|781,G<-C,"cWW","0",,,,
945,0.5170,NA,1s72|1|0|G|2324,1s72|1|0|C|2376,G->C,"cWW","0",,,,
946,0.5175,NA,1s72|1|0|G|1947,1s72|1|0|C|1965,G->C,"cWW","0",,,,
947,0.5194,NA,1s72|1|0|G|2338,1s72|1|0|C|2346,G->C,"cWW","0",,,,
948,0.5235,NA,1s72|1|0|G|742,1s72|1|0|C|729,G<-C,"cWW","0",,,,
949,0.5250,NA,1s72|1|0|C|574,1s72|1|0|G|583,C->G,"cWW","0",,,,
950,0.5258,NA,1s72|1|0|G|2738,1s72|1|0|C|1562,G<-C,"cWW","76",,,,
951,0.5266,NA,1s72|1|0|G|2068,1s72|1|0|C|2077,G->C,"cWW","0",,,,
952,0.5272,NA,1s72|1|0|G|752,1s72|1|0|C|653,G<-C,"cWW","0",,,,
953,0.5300,NA,1s72|1|0|G|575,1s72|1|0|C|582,G->C,"cWW","0",,,,
954,0.5300,NA,1s72|1|0|C|769,1s72|1|0|G|892,C->G,"cWW","0",,,,
955,0.5302,NA,1s72|1|0|C|2737,1s72|1|0|G|2742,C->G,"cWW","0",,,,
956,0.5321,NA,1s72|1|0|C|582,1s72|1|0|G|575,C<-G,"cWW","0",,,,
957,0.5324,NA,1s72|1|0|C|244,1s72|1|0|G|267,C->G,"cWW","0",,,,
958,0.5331,NA,1s72|1|0|G|2256,1s72|1|0|C|2245,G<-C,"cWW","0",,,,
959,0.5332,NA,1s72|1|0|C|781,1s72|1|0|G|865,C->G,"cWW","0",,,,
960,0.5343,NA,1s72|1|0|G|1557,1s72|1|0|C|1564,G->C,"cWW","0",,,,
961,0.5372,NA,1s72|1|9|C|60,1s72|1|9|G|20,C<-G,"cWW","0",,,,
962,0.5376,NA,1s72|1|0|G|2005,1s72|1|0|C|1975,G<-C,"cWW","0",,,,
963,0.5387,NA,1s72|1|0|C|168,1s72|1|0|G|219,C->G,"cWW","14",,,,
964,0.5397,NA,1s72|1|0|G|39,1s72|1|0|C|443,G->C,"cWW","0",,,,
965,0.5425,NA,1s72|1|0|C|1212,1s72|1|0|G|1155,C<-G,"cWW","0",,,,
966,0.5425,NA,1s72|1|9|C|30,1s72|1|9|G|50,C->G,"cWW","0",,,,
967,0.5442,NA,1s72|1|9|C|29,1s72|1|9|G|53,C->G,"cWW","0",,,,
968,0.5451,NA,1s72|1|0|C|2894,1s72|1|0|G|2862,C<-G,"cWW","0",,,,
969,0.5452,NA,1s72|1|0|G|2862,1s72|1|0|C|2894,G->C,"cWW","0",,,,
970,0.5453,NA,1s72|1|0|G|267,1s72|1|0|C|244,G<-C,"cWW","0",,,,
971,0.5465,NA,1s72|1|0|G|1535,1s72|1|0|C|1650,G->C,"cWW","0",,,,
972,0.5472,NA,1s72|1|9|G|14,1s72|1|9|C|67,G->C,"cWW","0",,,,
973,0.5521,NA,1s72|1|0|C|759,1s72|1|0|G|646,C<-G,"cWW","0",,,,
974,0.5523,NA,1s72|1|0|G|2602,1s72|1|0|C|2552,G<-C,"cWW","0",,,,
975,0.5533,NA,1s72|1|0|C|1004,1s72|1|0|G|964,C<-G,"cWW","0",,,,
976,0.5544,NA,1s72|1|0|C|1943,1s72|1|0|G|1896,C<-G,"cWW","0",,,,
977,0.5565,NA,1s72|1|9|C|106,1s72|1|9|G|75,C<-G,"cWW","0",,,,
978,0.5578,NA,1s72|1|0|C|1395,1s72|1|0|G|1387,C<-G,"cWW","0",,,,
979,0.5662,NA,1s72|1|0|C|1196,1s72|1|0|G|1203,C->G,"cWW","0",,,,
980,0.5669,NA,1s72|1|0|G|1284,1s72|1|0|C|1272,G<-C,"cWW","0",,,,
981,0.5683,NA,1s72|1|0|G|646,1s72|1|0|C|759,G->C,"cWW","0",,,,
982,0.5703,NA,1s72|1|0|G|501,1s72|1|0|C|491,G<-C,"cWW","0",,,,
983,0.5703,NA,1s72|1|0|G|2312,1s72|1|0|C|2296,G<-C,"cWW","0",,,,
984,0.5704,NA,1s72|1|0|C|1674,1s72|1|0|G|1453,C<-G,"cWW","2",,,,
985,0.5716,NA,1s72|1|0|G|2668,1s72|1|0|C|2821,G->C,"cWW","0",,,,
986,0.5730,NA,1s72|1|0|G|679,1s72|1|0|C|667,G<-C,"cWW","0",,,,
987,0.5742,NA,1s72|1|0|C|728,1s72|1|0|G|743,C->G,"cWW","0",,,,
988,0.5748,NA,1s72|1|0|C|685,1s72|1|0|G|661,C<-G,"cWW","0",,,,
989,0.5811,NA,1s72|1|0|C|1084,1s72|1|0|G|1075,C<-G,"cWW","0",,,,
990,0.5851,NA,1s72|1|0|C|2047,1s72|1|0|G|1728,C<-G,"cWW","0",,,,
991,0.5871,NA,1s72|1|0|G|1203,1s72|1|0|C|1196,G<-C,"cWW","0",,,,
992,0.5920,NA,1s72|1|0|G|892,1s72|1|0|C|769,G<-C,"cWW","0",,,,
993,0.5941,NA,1s72|1|0|G|1163,1s72|1|0|C|1183,G->C,"ncWW","0",,,,
994,0.5948,NA,1s72|1|0|C|1965,1s72|1|0|G|1947,C<-G,"cWW","0",,,,
995,0.5971,NA,1s72|1|0|G|661,1s72|1|0|C|685,G->C,"cWW","0",,,,
996,0.5988,NA,1s72|1|0|G|2136,1s72|1|0|C|2239,G->C,"cWW","0",,,,
997,0.5991,NA,1s72|1|0|G|1387,1s72|1|0|C|1395,G->C,"cWW","0",,,,
998,0.6015,NA,1s72|1|0|G|868,1s72|1|0|C|884,G->C,"cWW","0",,,,
999,0.6036,NA,1s72|1|0|C|1786,1s72|1|0|G|1806,C->G,"cWW","0",,,,
1000,0.6040,NA,1s72|1|0|G|2134,1s72|1|0|C|2241,G->C,"cWW","0",,,,
1001,0.6048,NA,1s72|1|0|G|1159,1s72|1|0|C|1208,G->C,"cWW","0",,,,
1002,0.6071,NA,1s72|1|0|G|599,1s72|1|0|C|558,G<-C,"cWW","0",,,,
1003,0.6079,NA,1s72|1|9|G|75,1s72|1|9|C|106,G->C,"cWW","0",,,,
1004,0.6096,NA,1s72|1|9|G|20,1s72|1|9|C|60,G->C,"cWW","0",,,,
1005,0.6108,NA,1s72|1|0|C|1913,1s72|1|0|G|1926,C->G,"cWW","0",,,,
1006,0.6132,NA,1s72|1|0|C|1574,1s72|1|0|G|1622,C->G,"cWW","0",,,,
1007,0.6139,NA,1s72|1|0|C|558,1s72|1|0|G|599,C->G,"cWW","0",,,,
1008,0.6146,NA,1s72|1|0|C|1853,1s72|1|0|G|1878,C->G,"cWW","0",,,,
1009,0.6151,NA,1s72|1|0|G|1075,1s72|1|0|C|1084,G->C,"cWW","0",,,,
1010,0.6153,NA,1s72|1|0|G|1178,1s72|1|0|C|1168,G<-C,"cWW","0",,,,
1011,0.6185,NA,1s72|1|0|C|1650,1s72|1|0|G|1535,C<-G,"cWW","0",,,,
1012,0.6196,NA,1s72|1|0|G|2722,1s72|1|0|C|2760,G->C,"cWW","0",,,,
1013,0.6213,NA,1s72|1|0|C|884,1s72|1|0|G|868,C<-G,"cWW","0",,,,
1014,0.6228,NA,1s72|1|0|C|1184,1s72|1|0|G|1162,C<-G,"cWW","0",,,,
1015,0.6233,NA,1s72|1|0|G|1162,1s72|1|0|C|1184,G->C,"cWW","0",,,,
1016,0.6239,NA,1s72|1|0|C|556,1s72|1|0|G|601,C->G,"cWW","0",,,,
1017,0.6240,NA,1s72|1|0|C|2903,1s72|1|0|G|2855,C<-G,"cWW","0",,,,
1018,0.6292,NA,1s72|1|0|C|2247,1s72|1|0|G|2254,C->G,"cWW","0",,,,
1019,0.6320,NA,1s72|1|0|C|2106,1s72|1|0|G|2480,C->G,"cWW","0",,,,
1020,0.6365,NA,1s72|1|9|G|50,1s72|1|9|C|30,G<-C,"cWW","0",,,,
1021,0.6383,NA,1s72|1|0|C|1000,1s72|1|0|G|968,C<-G,"cWW","0",,,,
1022,0.6408,NA,1s72|1|0|C|2831,1s72|1|0|G|2909,C->G,"ncWW","0",,,,
1023,0.6454,NA,1s72|1|9|G|53,1s72|1|9|C|29,G<-C,"cWW","0",,,,
1024,0.6468,NA,1s72|1|0|G|2909,1s72|1|0|C|2831,G<-C,"ncWW","0",,,,
1025,0.6498,NA,1s72|1|0|C|2105,1s72|1|0|G|2481,C->G,"cWW","0",,,,
1026,0.6503,NA,1s72|1|0|C|100,1s72|1|0|G|77,C<-G,"cWW","0",,,,
1027,0.6522,NA,1s72|1|0|G|743,1s72|1|0|C|728,G<-C,"cWW","0",,,,
1028,0.6567,NA,1s72|1|0|C|2239,1s72|1|0|G|2136,C<-G,"cWW","0",,,,
1029,0.6575,NA,1s72|1|0|C|1521,1s72|1|0|G|1665,C->G,"cWW","0",,,,
1030,0.6589,NA,1s72|1|0|G|1728,1s72|1|0|C|2047,G->C,"cWW","0",,,,
1031,0.6604,NA,1s72|1|0|C|1168,1s72|1|0|G|1178,C->G,"cWW","0",,,,
1032,0.6606,NA,1s72|1|0|C|2760,1s72|1|0|G|2722,C<-G,"cWW","0",,,,
1033,0.6611,NA,1s72|1|0|G|1453,1s72|1|0|C|1674,G->C,"cWW","2",,,,
1034,0.6628,NA,1s72|1|0|G|2855,1s72|1|0|C|2903,G->C,"cWW","0",,,,
1035,0.6638,NA,1s72|1|0|C|2366,1s72|1|0|G|2357,C<-G,"cWW","0",,,,
1036,0.6641,NA,1s72|1|0|G|2357,1s72|1|0|C|2366,G->C,"cWW","0",,,,
1037,0.6679,NA,1s72|1|0|G|1926,1s72|1|0|C|1913,G<-C,"cWW","0",,,,
1038,0.6690,NA,1s72|1|9|G|74,1s72|1|9|C|107,G->C,"cWW","0",,,,
1039,0.6724,NA,1s72|1|0|C|851,1s72|1|0|G|830,C<-G,"cWW","0",,,,
1040,0.6753,NA,1s72|1|0|C|999,1s72|1|0|G|969,C<-G,"cWW","0",,,,
1041,0.6760,NA,1s72|1|0|C|1536,1s72|1|0|G|1649,C->G,"cWW","0",,,,
1042,0.6793,NA,1s72|1|0|G|1806,1s72|1|0|C|1786,G<-C,"cWW","0",,,,
1043,0.6807,NA,1s72|1|0|G|2288,1s72|1|0|C|2309,G->C,"cWW","9",,,,
1044,0.6825,NA,1s72|1|0|G|601,1s72|1|0|C|556,G<-C,"cWW","0",,,,
1045,0.6978,NA,1s72|1|0|C|153,1s72|1|0|G|184,C->G,"cWW","0",,,,
1046,0.6980,NA,1s72|1|0|C|2309,1s72|1|0|G|2288,C<-G,"cWW","9",,,,
1047,0.6986,NA,1s72|1|0|C|2832,1s72|1|0|G|2848,C->G,"cWW","0",,,,
1048,0.7010,NA,1s72|1|0|G|1622,1s72|1|0|C|1574,G<-C,"cWW","0",,,,
1049,0.7034,NA,1s72|1|0|G|2480,1s72|1|0|C|2106,G<-C,"cWW","0",,,,
1050,0.7084,NA,1s72|1|0|G|968,1s72|1|0|C|1000,G->C,"cWW","0",,,,
1051,0.7099,NA,1s72|1|0|G|77,1s72|1|0|C|100,G->C,"cWW","0",,,,
1052,0.7100,NA,1s72|1|0|C|342,1s72|1|0|G|334,C<-G,"cWW","0",,,,
1053,0.7198,NA,1s72|1|0|G|2481,1s72|1|0|C|2105,G<-C,"cWW","0",,,,
1054,0.7284,NA,1s72|1|0|G|184,1s72|1|0|C|153,G<-C,"cWW","0",,,,
1055,0.7358,NA,1s72|1|0|G|830,1s72|1|0|C|851,G->C,"cWW","0",,,,
1056,0.7362,NA,1s72|1|0|G|2254,1s72|1|0|C|2247,G<-C,"cWW","0",,,,
1057,0.7403,NA,1s72|1|0|G|1649,1s72|1|0|C|1536,G<-C,"cWW","0",,,,
1058,0.7453,NA,1s72|1|0|G|334,1s72|1|0|C|342,G->C,"cWW","0",,,,
1059,0.7475,NA,1s72|1|0|C|1551,1s72|1|0|G|1634,C->G,"cWW","0",,,,
1060,0.7494,NA,1s72|1|0|C|653,1s72|1|0|G|752,C->G,"cWW","0",,,,
1061,0.7681,NA,1s72|1|0|C|2061,1s72|1|0|G|2075,C->G,"cWW","5",,,,
1062,0.7718,NA,1s72|1|0|G|1665,1s72|1|0|C|1521,G<-C,"cWW","0",,,,
1063,0.7754,NA,1s72|1|0|G|1195,1s72|1|0|C|1204,G->C,"cWW","0",,,,
1064,0.7818,NA,1s72|1|0|C|1204,1s72|1|0|G|1195,C<-G,"cWW","0",,,,
1065,0.7889,NA,1s72|1|0|G|2848,1s72|1|0|C|2832,G<-C,"cWW","0",,,,
