Similarity order,Discrepancy,Resolution,Position 1,Position 2,Position 3,Position 4,Position 5,Sequence,1--2,1--4,2--3,2--4,2--5,3--4,3--5,1--5,4--2,2--1,3--2,3--4,4--1,5--4,Cross 1--2,Cross 1--4,Cross 1--5,Cross 2--3,Cross 2--4,Cross 2--5,Cross 3--4,Cross 3--5,Cross 4--5,View,Coordinates,Sequence variability
1,0.2153,NA,1s72|1|0|G|953,1s72|1|0|U|954,1s72|1|0|A|955,1s72|1|0|A|1012,1s72|1|0|A|1013,G--U--A->A--A,"cSH","s33","s35",,"tWH","tHS","s55","4BPh",,"n9BR",,"6BR","6BR",,"0","0","0","0",,"0","0","0","0",,,,
2,0.1185,NA,1s72|1|0|G|381,1s72|1|0|U|382,1s72|1|0|A|383,1s72|1|0|G|406,1s72|1|0|A|407,G--U--A->G--A,"cSH","s33","s35","s33","tWH","tHS","s55","3BPh","5BPh","n9BR",,"6BR","n5BR",,"0","0","0","0","0","0","0","0","0",,,,
3,0.0588,NA,1s72|1|0|G|2692,1s72|1|0|U|2693,1s72|1|0|A|2694,1s72|1|0|G|2701,1s72|1|0|A|2702,G--U--A->G--A,"cSH","s33","s35","s33","tWH","tHS","s55","3BPh","5BPh","n9BR",,"6BR","n5BR","n0BR","0","0","0","0","0","0","0","0","0",,,,
4,0.0680,NA,1s72|1|0|G|1370,1s72|1|0|U|1371,1s72|1|0|A|1372,1s72|1|0|G|2053,1s72|1|0|A|2054,G--U--A->G--A,"cSH","s33","ns35","s33","tWH","tHS","s55","3BPh","5BPh","n9BR",,"6BR","n5BR","n0BR","0","0","0","0","0","0","0","0","0",,,,
5,0.0983,NA,1s72|1|0|G|588,1s72|1|0|U|589,1s72|1|0|A|590,1s72|1|0|G|568,1s72|1|0|A|569,G--U--A<-G--A,"cSH","s33","s35","s33","tWH","tHS","s55","3BPh","5BPh","n9BR","n0BR","6BR","n5BR","n0BR","0","0","0","0","0","0","0","0","0",,,,
6,0.2136,NA,1s72|1|9|G|78,1s72|1|9|U|79,1s72|1|9|A|80,1s72|1|9|G|102,1s72|1|9|A|103,G--U--A->G--A,"cSH","s33","s35","s33","tWH","tHS","s55","5BPh","5BPh","n9BR",,"6BR","5BR",,"0","0","0","0","0","0","0","0","0",,,,
7,0.1974,NA,1s72|1|0|G|1292,1s72|1|0|U|1293,1s72|1|0|A|1294,1s72|1|0|G|911,1s72|1|0|A|912,G--U--A<-G--A,"cSH","s33","s35","s33","tWH","tHS","s55","4BPh","5BPh","0BR",,"6BR",,,"0","0","0","0","0","0","0","0","0",,,,
8,0.1834,NA,1s72|1|0|G|213,1s72|1|0|U|214,1s72|1|0|A|215,1s72|1|0|G|225,1s72|1|0|A|226,G--U--A->G--A,"cSH","s33","s35","s33","tWH","tHS","s55","4BPh","5BPh","n9BR",,"6BR","n5BR",,"0","0","0","0","0","0","0","0","0",,,,
9,0.1487,NA,1s72|1|0|G|175,1s72|1|0|U|176,1s72|1|0|A|177,1s72|1|0|G|159,1s72|1|0|A|160,G--U--A<-G--A,"cSH","s33","s35","s33","tWH","tHS","s55","4BPh","5BPh","n9BR",,"6BR","n5BR",,"0","0","0","0","0","0","0","0","0",,,,
10,0.1350,NA,1s72|1|0|G|464,1s72|1|0|U|465,1s72|1|0|A|466,1s72|1|0|G|475,1s72|1|0|A|476,G--U--A->G--A,"cSH","s33","s35","s33","tWH","tHS","s55","4BPh","5BPh",,,"6BR","n5BR","n0BR","0","0","0","0","0","0","0","0","0",,,,
11,0.1552,NA,1s72|1|0|G|358,1s72|1|0|U|359,1s72|1|0|A|360,1s72|1|0|G|292,1s72|1|0|A|293,G--U--A<-G--A,"cSH","s33","s35","s33","tWH","tHS","s55","4BPh","5BPh","n9BR",,"6BR","n5BR","n0BR","0","0","0","0","0","0","0","0","0",,,,
12,0.2128,NA,1s72|1|0|G|1971,1s72|1|0|U|1972,1s72|1|0|A|1973,1s72|1|0|G|2009,1s72|1|0|A|2010,G--U--A->G--A,"cSH","s33","ns35","s33","tWH","tHS","s55","4BPh","5BPh","n9BR",,"6BR","n5BR",,"0","0","0","0","0","0","0","0","0",,,,
